PM25,PM10,NO2,CO,TrafficDensity,AQI
87.79775451802766,99.03140042231553,45.474459199184004,1.2117724147874134,593,117.79420933463172
60.46844985525479,118.18991007656,45.14932552576219,1.4646671748921154,936,97.31988251001258
92.49187792518933,111.0635286358158,43.69617997890624,1.2737084963117429,1022,114.29957743714056
80.94907348875776,150.2503209134569,46.7714101268577,1.015468484421552,1132,110.84025772414248
97.53021606308329,101.0312868007862,57.225974724140166,1.0175261685076233,345,115.70462705361287
72.0083292234181,66.68195737989615,39.59495713834312,0.8964258405689824,1918,80.39874702012973
84.24290592446827,166.91341400551332,62.21908634093572,0.9933411515650886,1956,137.2461230306722
73.24252224502783,147.3095304266722,29.36432186255816,0.9940884289029329,264,104.58550783194595
52.82004121955737,118.85330247551633,48.09009454539941,1.7830750317240271,1330,115.00513928673136
63.10008824662026,71.37406387723145,15.188016203396852,1.2414401493253164,712,85.32522086237199
66.28244916089409,179.68935807289307,49.82177375269548,1.0514999786853352,1903,122.31188540147662
54.66838312646556,137.08015730646466,47.87100930961871,1.1064754419638474,1422,116.34143123159677
123.57343297446207,123.23923961589237,51.20932255174293,1.553921505893671,466,144.90940240650582
34.057043084587896,69.43768918778463,48.99523502513408,0.9236513139301499,1311,76.73130161007121
50.195731284829826,116.12911525139303,35.87622591486607,1.0220606391256675,1393,103.24936038898284
76.20261637733702,116.87043689006057,49.1312870108127,0.9512937056835307,107,114.77852455146834
94.43773123388023,126.75436412736555,47.02364654502303,1.4737057509826017,929,124.87580883835855
83.63222648113218,146.22987792530563,54.58633477423292,1.4753390570065945,1570,120.44055498497636
73.2875773653658,82.13806377149078,38.903304197226205,1.1477703513002762,591,79.9621126256795
65.34918178964693,83.82835327394133,54.374955399610556,1.1202925525022496,1328,88.36658900658075
97.15255322555737,137.34005997019065,51.416081281086306,1.195400602309149,473,125.09382072389194
25.499366311514976,132.17170592700361,32.71677900960131,1.4929509930274198,651,97.46176198542875
103.19608510361027,140.73406976926788,31.869455036718144,1.4801611134313244,431,123.53505126989228
45.25795776758454,83.6778227493306,48.57009910048259,1.4901294195099224,245,98.59264439995316
30.118424084354196,131.5978761381953,48.952976422930035,0.6335438466025469,1152,72.12150721487686
75.31389029837277,117.36456880407044,53.11947140082853,1.225084198161935,260,125.25773049030889
56.30781696144589,130.75617400583297,41.64460136583294,1.6330943473267099,1730,111.86285617673903
62.13452738181471,81.28857656311533,47.84168663649669,1.2576610821538514,816,96.8106065282409
111.23625812027447,146.77423155256122,65.87078328203212,1.610890234270552,798,134.41030240146046
71.47769739327775,128.06258132809165,40.029550065537066,1.6315937523018786,1365,114.45843013483626
61.8104384305371,124.74560999240352,45.9455794989786,0.5404749549583706,749,95.35313792269511
39.90139893653854,132.15612130780664,35.39830667373194,0.8007579069993327,447,76.18474790437993
71.22531052592468,136.67651236961623,54.06030648913196,0.7684008579529406,1030,125.31980040651663
63.49645035928759,117.91453003505949,45.0222929782462,1.1533354405555805,1203,93.75353476847485
43.30952531832466,200.36743321363747,37.518334559408466,0.8548752765741368,734,111.15080046403698
64.52490315042947,157.08922300626332,39.7660961881885,1.626606497125856,333,123.25485482572836
83.16241837450711,146.2889162100859,37.26828207309042,0.5275708128624165,1902,117.9192048121692
53.53474490075454,74.97943638859383,37.2521058191115,1.7585426915129019,1773,94.58499334113372
68.82987937976772,103.75563653274872,36.04909602768461,1.3823385352195972,1739,112.0006791415599
88.98586694488007,116.40481538816776,45.877478736501885,0.14882696419461694,568,89.15040090219168
74.69209951541795,116.42866587452575,31.988363918646762,1.5038105768735137,251,115.13868047854166
63.85357340755013,126.44326248113995,51.32565616734882,1.3225211799111414,156,95.89260217282363
80.37168800012113,125.24238195033577,41.9926216795946,1.5307421424470835,124,115.25546444091006
40.1298010497722,96.09669000340017,41.61899586949705,1.5678514247668325,221,107.00471300391918
78.69658384079318,166.434344767936,41.76018838425089,1.5458257311893788,613,120.29747102104534
71.2708293963242,107.50116752468654,44.100280149112294,1.3682211511544884,560,97.32947244148184
76.97094123825842,118.33399112084419,27.48243139939977,1.3834247590735176,1107,107.02824486358988
77.19961164021919,66.20147568111729,42.81956932380461,1.1418735940234301,946,107.98542269403974
89.23974677981815,111.92683182031098,36.14175038283491,1.6891767326172966,482,120.5330615623314
74.38078744651817,134.68221924657735,64.2948188977152,0.7757761455779846,1052,126.44155298773985
69.89772252823437,93.59581111178701,48.73980686921084,1.1114995797706528,507,93.28271542584548
60.84984616330153,93.38065373296416,42.89166031283877,1.2401321195113821,500,92.97083891164036
112.05651688074116,147.10312897933488,41.353598173360574,0.6749474225997335,987,115.82821829578464
54.87320029258424,114.40671155527457,64.29154796435208,0.7498194132708457,381,89.70320053236028
72.7523521156809,71.95248926497285,19.564536833000894,1.026907713276223,167,86.7382555076359
86.98937126101707,113.62453701118082,43.334828928828934,0.9273867400285108,1333,114.02429969766365
61.23242807446221,144.41240152192665,41.67352498772368,1.615022731046235,895,86.99916875309833
91.0409034799743,98.01557735535816,26.087637983756792,1.0204734602584717,409,102.33213754657613
48.49947906580647,129.40013922598752,51.489138337186056,1.6295027621835332,734,114.01422701310969
50.34668628520591,126.24589613788122,41.81283738114413,1.3422856805488501,1288,96.56689885609264
93.10721301989825,123.4786812484387,73.35438203792772,1.385539308550967,1438,131.88361228756239
75.95458427811802,97.62545417889194,37.6602531082575,1.6864822650858837,1107,117.01571794255176
50.80824491048108,121.80310769698977,56.02126852347095,0.3962217521063244,1116,81.51909643316377
95.18153323209731,142.37623557076864,32.77666787715212,1.124620587351418,896,124.61098712845538
65.69365136327177,131.48551281400097,50.37577557285951,1.1117405083150813,248,104.76090240939607
97.54303183394214,118.44343507282582,57.716044249697525,1.3250340775280334,1087,135.0940936032992
85.20245509010923,135.7981296104648,45.94882446231175,0.9070717604754086,304,100.13438682489758
53.49072789611597,135.4992763786263,33.31891643361813,1.605187134095935,866,101.07504937641072
31.044698288244327,152.79010530963592,51.68211277419185,1.1763093803087308,966,98.67867256502136
92.98922740047803,173.67415258998238,42.96118170422151,0.6103205759839275,149,118.95444869183031
95.86306368675179,160.119246910224,51.774791943449515,1.1676496766983535,1881,126.25477753205774
69.41480911025583,133.38705220008512,67.50020855995133,1.2112469225964289,253,114.73657760905625
71.13799288746834,134.25099369537006,29.3137129181315,1.2555996885564893,151,103.04174672458144
50.16133776166597,151.98936651674242,49.94850245657444,0.9978581058693297,1794,109.16357291296454
87.66573891191331,133.5882738886725,47.833620043000494,1.4149615081644715,1136,146.15936548194705
85.77870938887496,70.87384865045762,44.32910054444703,1.8432980315576573,1145,127.3618688228967
44.44164596454288,117.97589675362424,48.05288735882877,1.2392641306548438,190,92.82503613065332
40.32271930086375,98.84006288559272,22.072036498233278,1.3251509286751215,570,87.88045365524178
62.11826424960273,177.20822306967122,31.237389443456657,1.2899644064023885,1824,129.40918887166612
70.94246541308064,144.01402262308937,39.08487900709386,1.4677612295319966,1187,124.01507597188693
60.43327231799376,118.59912571314237,59.0319949508396,1.4548947400426169,1697,114.1199993421722
71.73245835505638,121.06217834886996,35.51081985753392,1.072982464219689,1860,101.15676346217963
86.43449054003281,95.18042789549608,37.99120238442505,0.8370501980307163,1131,87.24300131289975
49.89142041883431,177.44948761521735,41.898066896433754,1.3100734678470956,161,142.2380817698345
89.73756243561039,172.89829643720594,27.293343690290573,0.9370346028294968,507,101.36062674934664
39.57012406165582,95.09947368791092,37.97588693957374,1.1089793187373007,507,78.69242479616227
91.34102472328597,136.0327851709013,33.502758339685904,1.0141157976225776,961,108.8799283436351
79.86477020317588,142.2275326618283,19.7353203261003,0.771195798726059,1968,125.82315309753362
79.4499412618899,111.61837583686004,16.181048334344364,1.5527402032437654,1179,116.51919015576749
104.54571497119196,146.48379414867898,38.33651304229331,1.8437597787518305,1505,163.5999234857174
43.43121104760244,107.0832252316845,42.302330213275354,1.5326790507767991,391,73.88197048073039
69.90477344514606,72.31194464757749,38.0716148182684,1.1579762579900752,486,94.12807995797334
62.16985993715246,154.4537026544445,30.4682778311631,1.4504064115595023,1470,114.71289191876924
96.80004149941283,93.38248022117136,47.70914060168749,1.2594388404741987,485,112.56604658540377
101.92116308970851,134.36215860608408,23.681399643767012,0.5314625213880563,1049,108.09596120713351
68.90100313809043,149.74818141807958,40.228808252485365,0.8925713543575913,621,106.52029781272789
71.36013449763188,82.56711112733298,36.70004046861329,0.8700917576756696,1693,107.20270565992155
90.54349536729981,140.93056786483257,34.211809579139576,0.9500376168182276,306,97.60168844535204
55.59349743674157,121.42603640182044,47.96172798554304,1.2401883688925384,1655,97.13830480654127
59.10932210377558,80.63591300803064,58.55513469662549,1.5083898161925922,1931,89.99749945850311
79.77710836900295,146.89090354725866,30.371972202966482,1.7596416485385176,785,131.9344551441973
57.785992903996686,153.04479623842826,28.292822522222234,0.9174274166726653,1194,119.97369555568179
76.37863653207357,146.70287725408008,38.77930440614466,0.8869613966687944,1451,95.24199168498453
37.44279184871851,117.15372256796303,55.16222127498272,0.97965466687686,1026,96.6004040919659
71.51328314679516,144.4203905936883,36.12124531370933,1.4055176897398607,757,117.46828193787901
91.8141463121475,127.94406664500222,55.073363382520284,1.4090938227907694,672,134.77308237340992
97.9372650179663,86.0905735270592,36.615785951800675,0.9711726652298551,1094,98.22933991477908
84.39104558124502,77.6897252176846,42.74938056875378,1.003293518606587,1179,101.47831551987693
75.53529023534276,87.84599207212047,39.78367205548252,1.1342331277360929,1883,108.34154254753537
87.78283856246601,143.57699778375954,52.8309995441545,1.273811173539098,545,137.95586046513236
72.10011870940845,112.13101713340396,43.73975964911031,1.2615785986562538,1339,119.04512350781229
83.90312806597458,159.35475668988371,41.64849926182619,1.4045270350074976,1931,141.23287361614172
90.39889692806071,107.92029773023928,32.01283944580684,0.6536390184766465,1343,97.52956291075778
31.733989858037702,74.95342276305179,28.04002168199149,1.5043616133224647,343,68.78861298877555
89.90546790144163,160.01889599994183,39.34763696465513,1.3013118573030762,1158,130.2301175837878
106.39997616356852,133.65831122308205,53.959586552108426,0.3249735851849085,103,118.66135224559538
102.07724088053972,150.53408044469882,31.04751722581569,0.9860165490964263,125,115.11007082336931
34.98830054887404,73.39743792536336,49.56324868854408,1.1707374494906042,1759,81.12111197715859
54.81496936948572,143.38573672526744,39.146728684142175,1.139909017698349,1450,102.17997625639183
55.61186507813004,145.80082632645437,34.372509456649674,1.1866252207906571,746,97.42868105687022
80.46810906086631,116.20005494300163,38.25665822754047,1.1899583905245517,1093,112.89985090072781
50.278843858021474,90.25873351226015,58.31135965073749,1.1604975027668751,1775,107.44709107886538
42.43933042812822,131.3241603506575,55.55626362302203,1.3833103046926314,1556,101.46589315113688
64.73561496302176,114.98426642646261,35.0063407675302,0.9951188225510377,906,95.44414156105422
91.59474901236725,108.97827315231937,35.4665376172029,1.6517600335631548,1513,112.34228781208364
87.33091979384028,145.66794167790655,43.53030632544965,1.0826871990543232,1265,118.20720545968716
82.08207109467445,132.48072925192116,52.49811497473282,1.309105433228055,635,118.97633284848123
61.588298087754666,137.6426323880207,35.45927713696929,1.3233941369905065,818,118.17932772320415
55.68245383716697,114.42543232329362,29.635871078512,1.017317194410277,1027,99.06448451674062
53.75249018582847,111.2549287223448,45.571767383992935,1.179954814979598,880,99.84649701027053
69.88507003868754,106.97102922515124,28.263667679969316,0.9045205354784105,1380,101.23108138507698
45.414568170441385,190.3016994776391,51.231838842840155,1.8533155805465333,1241,136.72548229459605
73.94770540596232,103.07982992430648,32.56456745407191,1.5270843952938113,1531,115.276282202073
67.28058840808805,117.26264084158078,33.48902239640588,1.3309231806226722,1505,112.82353619206994
62.11885737111578,115.34590740212437,14.56392193810153,1.0272117015665845,1885,119.98964363595607
69.23796428842496,144.85770343820923,46.80840611943485,1.5219357607545767,1639,125.97628362322308
78.29783511994148,79.42963714682367,51.76282970208639,0.9968319965764847,805,94.02807439022457
70.82304122970221,122.6786452218309,36.897758584933186,1.305096989540493,1699,122.13823560068022
21.801205112486727,62.626211734331505,29.915552242226816,1.5957982733674156,209,54.008562180922084
82.75821286997403,173.07729058290076,39.684583513362895,1.0590712539803855,1239,143.1495966791627
82.66053376928915,120.40018004224306,37.08243678605057,1.185012657707836,409,122.09645204802423
85.87404925819924,124.85981657129453,36.94319586031798,1.0676819811459735,1505,112.74830243340416
105.2647854619108,112.24469827940598,36.972878163535896,1.5267643308044314,893,120.1367327826455
49.25096331704118,113.92058820138045,35.086428232780015,0.6167342667002127,657,55.389337329467466
78.53924371215334,93.61684113558347,21.948218544406785,1.6176758148431891,1496,100.05676759691777
58.16388709954108,78.9235181367493,35.00092047312699,1.0649304155087362,1677,83.4996803191664
96.61672040885428,115.42120563253414,61.00275229062507,1.5928007387189562,373,135.73142187812988
41.434020215489866,157.51577207486304,15.286787034675172,1.1206125013606039,1453,97.30950413554537
63.50785412694001,96.51334134187147,34.47242683235231,1.096392422430202,1016,73.39318357226024
81.82525806988696,89.44168738774638,49.40823564909053,1.2087170428620138,1953,121.80635830434696
66.1207751592501,121.63444652216191,33.73674736140923,1.4737410636590982,1589,104.44669016902786
65.53232765840615,112.99357863165143,41.00638219619891,1.4041021878620004,1493,123.85607806244094
65.41574740245082,158.3150496149242,36.66019834844819,0.6113204704577659,756,87.7221188866618
41.825117801102024,124.65453444012738,52.931919253280824,1.4541162669303254,1404,110.38325880983716
47.824777479295264,103.53184212173583,35.15227661397797,0.7119295655325512,291,66.29610263723865
8.691478389881723,123.37363924282937,44.02825470935859,0.9439320990063895,493,70.9406518330484
40.691903008151144,129.90436718265906,36.482012476991834,0.8630827014820442,525,88.84778694044915
80.04342212697982,118.36323302455256,27.692054917465818,0.8044217399439084,1134,92.15032052460157
79.98338634445547,119.18165037790395,26.96074566036671,1.2677286281632465,914,107.99105251742792
104.8947125943448,153.77986755195238,28.36622653832676,1.4854537889879977,295,131.01708898429743
65.29180762262128,105.96126412331029,50.01257725985455,0.8173680796824228,853,90.49774753102908
28.819456268064116,118.7440323836502,36.093118954066036,1.2738190225080084,1176,89.60108613639257
69.1927867093094,88.76207907389961,51.28061966804596,1.2606722742151297,536,83.86205810847585
80.03799106661396,116.86626893155272,20.51654782293636,1.137167588871664,1456,106.68562955055131
91.7135378601872,64.49898562474326,47.59661406633865,1.3321061303816726,1591,123.44244414304546
123.61694358782894,94.67028798720996,53.55444884742656,1.1691201767897934,1767,140.25277617358856
56.55320897330333,164.1448943881497,33.48722261126665,1.167481051791569,607,112.89273653557196
85.53353412591781,121.63507732870006,47.29302134029521,0.918446943047749,1880,114.4377478719366
62.18214664154394,109.32710753934212,52.69630811162682,0.9986187868640224,1191,110.44487650374296
35.79269716652873,143.19694458228395,38.0553215182544,1.5623424755967925,438,98.40416178599074
58.22841579826714,144.38991067118408,35.10595137294759,1.592888861497991,1254,107.28462701973324
48.80286127145112,95.41932883998129,50.618638385484175,1.804277947130395,1269,88.95223077247
64.07064818130391,85.23382847541751,25.11616024291022,1.4298559033969558,524,104.35317722715207
55.19373018338278,120.10548253028318,33.05144252244098,1.1081676679591361,1959,95.83101483745622
110.45163835663544,104.147310627144,39.03395293904301,1.3216008472117942,1611,135.06385799297524
75.32331764322352,78.1229323273165,35.67581334712628,1.1462037141008476,453,112.22375865988559
59.55248870681198,132.81407698941308,17.907941272397856,1.1593809130509112,204,89.70179042084862
87.04116979452057,114.07213837959559,52.567841073785694,1.6482262304487076,184,132.33433796969626
74.95693336158286,99.09183263669027,28.785750868553112,1.1628857612002723,1572,102.24612870744978
56.06385457877508,114.96072519502344,46.12059806411614,1.3286385977304962,1343,115.15658261850402
41.76925281358292,96.23713918245772,33.58287949738805,1.4018592833745622,482,68.62050097786238
66.33867259100913,125.45558235903246,50.04642799486923,1.4644080149600798,1117,130.47456875271428
48.59214979298878,118.07987024543871,51.02552821340383,1.3323520977273349,208,96.26708111613169
35.93957158368218,124.90445906093805,24.558897031874235,0.8429943003400266,1503,69.43659294381655
82.07496582350717,155.84108288975432,36.11844637211773,1.3428601740407156,921,159.15248985278893
85.73104300332514,110.93270972354163,37.212472019616285,1.0030206637574182,1144,108.32395713067618
104.83265709938611,108.61522481239466,27.950742454886342,0.9786084480494338,1865,112.96861392384625
75.14505233828798,96.68251341753573,29.440967836898764,1.3339776036081898,1040,113.18151268894022
77.71889489044688,124.2289718636743,44.20694818050304,1.5818842590674458,793,135.55201186522982
47.12032804572764,77.36777757899195,33.935765487883664,1.2411728057904934,1451,88.13656001177371
86.05510271866547,116.87595099651074,43.63740609865827,0.7389307511004233,326,111.07219490053546
54.26267322428511,114.47391394875251,38.24314993692825,1.016554026298228,476,84.40794497503694
93.06598099174171,123.77915391279471,26.292843846596202,1.3706466000145208,1007,115.62076159551172
70.98843155286261,98.47400245562208,46.62048913847961,1.3214627592707033,211,122.38399595114299
53.543014994782,126.01158424595378,31.100614468253816,0.7555961855915692,1962,105.44654557850194
48.19999428041376,147.32406070468556,28.24004539676168,1.2046507597720655,1863,119.88415275217218
88.13867305443918,133.1405166152066,29.43123540477454,1.0880947583703644,937,116.43679895519207
72.45243094439955,70.38825433459431,36.65852026751187,1.4879862646793014,934,103.57272027915785
45.00259386142105,117.8768692043613,46.02284611366002,1.4479201264838517,1873,87.07714901373986
61.13624123245733,119.3309928165422,43.406593949120804,1.2279735524528659,1810,113.92574867700365
48.04649504571582,105.85258577271526,39.33131767790267,1.0311895600925727,253,89.4064925759103
104.13872451188604,119.86781667570551,42.96361573284005,1.0334932560408387,557,109.92020097239421
89.73254212916675,102.71327332172154,36.25575104707498,0.9510801904325982,1733,103.6174407971434
42.84324676817944,106.11206628387257,39.707184782754894,1.051025255850078,1979,102.66495341239093
129.5396975032697,106.64443755422317,34.37814336317783,1.420780751570058,1375,152.2017656693896
85.74628963084906,133.49814010529803,36.286884801283236,1.6270517648461937,924,115.30395890180884
85.02584192685983,96.65874547897158,28.00362963796547,1.473467017627133,1810,119.34359524918112
85.21392965878674,81.01744384778048,18.83208477583123,1.648021850076383,115,108.68626629390349
62.623052786047595,74.06671942902207,44.67304019854911,1.0725802385049288,1848,84.19768910148946
76.20884954174113,88.01878436782106,46.354721887780926,1.134677447548413,589,93.13261101709423
76.60166355902999,100.46035594169433,38.01020897527779,1.2656221817717397,546,108.31391808300923
72.66323886473876,104.51410456760388,51.689649571927646,1.6749907642382493,637,113.49116388102365
59.814437838160885,98.01648830713876,41.86328507695117,1.6340143419922808,1552,103.65038125151439
54.45592484152992,129.96122204787125,46.59284181323028,0.9878789853630529,1494,101.86450570831974
86.50897828936391,87.2682973274776,49.59533766443349,1.6066567469576307,1438,107.22416236778966
65.11938934038236,179.30219564020325,42.08287076795566,1.7979581013864072,182,142.11136810435758
89.13528616023063,95.67560948939047,45.20197192861212,1.3729871847266717,144,111.43769619244372
47.04245937479861,128.93164415015366,42.64910134849803,1.3174011500948208,1959,107.1223320228126
35.20626898622487,110.76844577917726,36.63970326679692,1.0897861612194466,730,86.45384647555863
91.63042356555677,126.7130484698174,27.6181083001669,1.0805071491745115,501,122.60894943289128
73.7020447178593,144.09696999184044,35.527958798707864,1.0275718347400067,217,99.88416566218838
37.52733428319966,137.7309660596006,34.50041635300458,1.1730435971031876,1582,90.82177113653395
64.44056129504413,74.08089042144377,17.647019658825045,1.2707301558566995,1214,98.91319315700251
74.58469094104044,132.92121891045153,38.298557333035056,1.6252151101242034,792,128.46020507344508
67.33413996743604,42.32574815133012,30.964948391013518,0.6245139194114904,1283,88.60236432757547
66.62284305353171,164.98367061716226,44.06914181092916,1.4059739850336346,239,115.19503673460943
54.73605542543646,161.85137752658414,34.08875468127157,1.2725643485016438,1253,141.0150288876082
109.77038430345117,110.11753728342893,39.60498696283913,0.9867063637540556,250,109.15097993568016
63.57448005553865,140.12105660353672,53.985680318217916,1.3189323072709522,1685,125.58550280362154
55.45358152259121,114.1292388977676,35.19952333291326,1.262861603153292,1204,109.9098682666931
87.68255852187286,166.34858825627754,33.61834190166735,1.2755277736260564,1674,140.96895290748805
47.86196530215793,142.81354004791217,36.796570903262925,1.3070398211732939,1255,102.37931456093008
74.4971997135325,98.73768049841487,18.80252500715004,0.7679593880769183,1504,105.0337154128732
65.41745160577261,116.90373860769175,31.815197710093777,1.2480062696768608,668,102.54516057643112
54.53013640516008,112.37161011743434,35.35506203793331,1.4456349834280073,188,99.84362224296676
79.61605437562645,42.55593112173304,32.585388728220984,1.025195960255611,1701,86.3804588894431
102.40252587520078,132.77364339473286,34.92617625480247,0.7575278825875202,353,114.49344729956186
63.8865910077396,88.88153732622136,54.20451609518902,1.402952438736132,1995,117.96746217581332
39.31198860228643,103.11882078811402,24.189369657169543,1.1103905159448202,1982,91.69958333195832
16.669820701500562,174.89845332276417,43.21289337830436,0.5378166902577753,1291,104.80576281163941
59.341237455245974,132.86140985056733,45.34893012227126,1.6902499593632032,744,107.9728553380462
95.01675333444476,155.19840513012414,36.619343352872505,1.1136737138397539,1018,134.79860023751343
48.83991081953312,91.32535419175704,49.64995639748935,1.0951953424125282,276,91.48405938577234
65.3967791222994,87.78189828938095,55.56268141990131,1.5826187368688045,185,101.89709265077913
92.44254183135595,94.0111420405352,24.315018196515542,0.7991454172960859,322,96.25959181032871
76.91558082295681,124.54393410802487,34.932834132036724,1.2903248204936562,941,101.43838586908592
90.57148061136999,72.88631144583233,31.610948195536267,0.864090300795683,1285,90.72329583240557
68.99771082625088,106.0580900674394,27.960787601122586,1.1170096517427475,684,102.8929419404026
78.99257974482106,118.42134373020387,46.189261685326,1.3336599043040565,1540,122.26884415252177
39.8597504254323,105.54390909008458,34.87037909744986,1.101126232601169,1871,87.1999651796585
93.91114790901318,107.43094344418549,36.47590793199265,1.4909566819110125,1149,116.88124989109062
52.79283250183663,140.54758921990245,40.830165894571294,1.3968696658285944,1502,128.5884272457557
82.10985873013097,152.002976204594,49.431620648081314,0.9443941602698445,578,115.15217349699492
94.89508025990418,100.75816180638795,23.749767838956497,1.0622197545222318,915,105.22439736823155
81.54085097143549,109.22070519554796,27.151149798095027,1.4662378175275976,1446,137.14792493825388
63.735706575021986,158.7422012652192,39.84447156971749,1.089062287543918,1428,124.05426328130476
63.54795931349078,152.4330280275478,46.72898272665161,0.7357711871252804,1562,101.60499860845064
79.43403867474849,152.84978010318957,46.688993859464865,1.6646458310173007,1064,137.26774008708924
61.233110343443684,62.7106787225873,47.596920501407915,0.7870908998659409,1212,72.91212025224293
33.158037059184814,82.46302301968228,32.155603954165116,1.1726659249814024,615,76.29028984808089
76.03940501397092,108.3781422968574,22.40670473982228,1.4751266927774649,1631,104.61784757609017
86.10392251297534,88.22366977819154,30.187623428561118,1.2633405624211629,140,78.54138618688478
104.93169204340313,45.27135252569967,46.86742556720101,0.5046987600539946,433,98.74993140915102
79.81714788167503,62.4986610620189,38.28292986133442,1.3190325038017225,1621,116.72968782848136
58.673207756289024,107.19110845778273,35.45974192592887,1.0583558210474295,1172,92.79952654895924
91.62409837368025,87.90205670418841,50.70227075199149,1.2271138346407358,377,112.32304839902055
52.962368627530545,83.51445127331345,42.706074916777226,1.2909656615365024,1019,92.54004728347131
29.457554855768933,98.08141328607232,40.1218463275117,0.7792576846915282,606,86.77606180989896
45.83470804605057,80.57942991677473,54.13480432251143,1.8308170073672896,1577,104.94689468858274
51.44400250250305,99.57263622284586,49.6870031896482,1.3628328540297028,132,95.62914991037583
77.80042023340498,120.16171151030146,32.80161830338801,1.1015342587765162,1950,118.360512214039
62.58243214090897,168.30741083906833,35.951156070133806,0.48134620853788646,669,104.2092191460586
37.68524209075104,122.93032041833193,33.40787673436088,0.9392574235161182,1926,78.19215833483211
61.03802550789136,124.8922302326773,37.390375359656815,1.688496972428676,468,111.75530386878377
73.0776753166651,113.24903893453161,12.501624590538249,1.2044495763534582,996,102.55772886976067
109.87439597461585,119.29526939708249,40.44764403734919,0.9525418518595041,655,106.69071555443654
74.23244728750015,120.65989879531874,41.2272388300214,1.0165273535795407,900,105.8247834762638
44.49968107972708,121.25049797715535,39.38046734188059,1.8675680942355988,204,106.19596545478613
45.82489772918535,88.61874001210623,30.289225433327438,1.0595563947578492,1313,81.96443121352877
41.63743240193711,115.59189355869867,42.06490129707831,1.0861643271202739,333,88.98704552313615
86.11367213081485,183.93484609124476,47.0116110727755,1.2258711137194165,439,135.2673495441795
80.8889588471821,100.56701496506962,43.78409475484473,1.1017130138259779,1202,114.92735702662253
56.82781062332484,114.19198631719712,51.056191859205455,1.171099548128207,949,93.1327701542588
74.55943963509905,86.6657468714927,22.211739945250017,0.6191933393201791,1148,83.75022557465043
79.3514655615813,91.18235912915766,40.273361868518286,1.4997192970152695,1293,129.24502679557992
65.95999136095371,86.00193769427818,48.43065216213273,0.9518276160642325,616,107.11700711684335
63.03298071610584,180.6150980586559,47.68935443775649,1.850147864251043,674,127.33773464194576
44.26503369111024,101.26488413614202,52.20622458364623,1.3411521466141412,1216,105.80079642060834
73.31878150213322,143.05809087584728,33.46099163099582,1.681475148196411,1386,137.36978328736438
67.46213416518819,136.0870712224278,48.42386822196424,1.5753212512448147,690,118.96329641925799
44.46520606617112,165.59721722490167,48.98627158936593,0.8546576478774199,1365,83.75185401282059
72.01915757695025,128.1272334297884,36.8724476009996,1.4429485485980866,1945,122.92566708792084
82.62728237627593,129.7366416340238,26.476076145520274,1.1077804684013672,308,112.81551178944406
81.64110151735362,157.87062910163743,34.76644720084373,1.3905892732184821,1085,128.85697846964518
37.29873467546446,151.21149936703014,50.5736202790319,1.3064836123146981,1596,117.7715309569661
68.82509616120846,138.93475325954665,36.97896586295509,1.0870907665424503,1076,112.48992529829984
64.58696395150706,135.2178906190141,54.20254211178635,1.658041636994835,530,129.6835005186125
58.378012533038486,53.80363658562784,30.695190740094823,1.0980942893467538,1330,76.5968261117531
106.14762014613436,95.96642789157725,33.41700550727032,1.0849114317861788,849,128.65875760666242
85.4065806665317,46.97286180594229,51.12727885099058,0.8094548298404333,1345,79.08500781948317
101.6124408657158,94.08644571875605,21.302676704237257,1.1291654562188016,1583,113.41249714068903
52.08730835252197,141.5661659547995,44.95599298926423,1.364689406551903,1415,107.67543136964278
30.298091118806468,105.64898433721993,40.684392094315314,1.185738978296644,440,78.17910244970835
74.15198797533981,114.67394143132367,18.595925566451143,1.3973456308525039,768,107.46224690559401
52.124603092081664,145.02699722852944,34.75646249840801,1.0088612599628746,1860,109.65903526292006
76.22394012835971,125.15482469449861,34.004959158940856,0.9436773524138967,977,112.65905923920856
58.96538083762562,162.99475057914415,47.67771241644888,0.9905660892468263,1377,120.33651226397028
66.58747626667272,115.10138636850029,31.65075538406164,1.3388801749537744,869,101.85226768355018
88.17241653889624,136.4948480601579,38.23917578986619,1.5964227968929467,1854,127.72817506660735
47.74635465476962,116.61856294285721,46.13237679814666,1.6077534616253288,728,108.00620983167323
114.3786008637606,143.07349402591956,12.605334223153083,1.7853456852337242,1684,147.03811967081083
87.37851623658989,177.47822795470353,51.90256239531393,0.38021563589507446,851,120.57412672284632
80.23747060331857,197.42593648707486,26.41216786220744,1.709330407130469,566,125.35098952343608
70.07677551671833,125.7905659238533,42.48285985574491,1.0511647499502654,1315,111.06406086348498
89.15116635640118,82.61497529256502,36.06089290865344,1.465238374586347,1314,91.51697451687559
74.2343333160079,105.32648295302016,38.867748224331535,1.008142992461572,397,82.44870366779594
91.98166165642627,105.95527661957101,49.33439114497949,1.6813272030715423,915,125.67016665455601
80.99916871394666,106.5609473542072,29.104831001368055,1.2077126259328406,1891,104.18574378229295
81.27762854142173,110.51418958024087,33.42518917379059,1.3555597486483015,1898,115.23123406128482
54.166509733321426,124.96135744024087,41.33310868973709,1.122344163271123,1618,101.11886868576103
90.50144488981253,86.36917626699619,34.89840995712184,1.1523755474235855,1766,89.81472617799054
41.41597351228529,120.20510972347319,47.33328859028234,0.6004191985434844,674,78.54301217900961
56.24456075509006,144.72171625481744,36.68056437582543,1.2059752861604616,840,108.5193217903502
44.610828163708106,100.5740205011692,33.302618953737515,1.3139308134630077,420,71.56555284205336
39.054329619346966,128.64218578347288,42.03696624078956,0.813712784054401,1148,74.08738755829546
75.52393366761149,126.12661680224102,41.07600323081416,0.9707268693369532,188,102.53250917728789
60.19434895089885,151.03559901791894,29.656973629542705,1.5393356835371144,1789,109.57322798764203
67.59938239800496,139.09375259957736,47.0171550836577,1.5560917836682218,458,116.99889411923765
46.688645623558116,81.0030042734443,70.01713115608936,0.7710162748210244,976,82.78601433242117
81.55205992858905,111.16453437689754,44.905038942625005,1.0852080835967166,1641,108.53131637886676
36.8191057613538,135.98734806870584,33.87444812493975,1.6327607471424863,435,91.25286879802292
64.79223374093061,141.65818708180402,41.999998418360995,1.3715401257579316,1985,130.52808933703335
15.439924257089615,110.6547806961226,30.47846102631597,1.3329444209658563,1792,101.11631464918935
68.62890912044757,131.2431881339926,41.92966877282096,1.5272371358314962,1278,107.10427733081619
83.88872293677315,132.5163155616347,35.25937095026129,1.3147279640923395,1536,115.11374304184055
62.629907653294886,89.60755219089243,37.40594155136819,1.370066206691399,770,101.43851858646366
96.53929722271904,141.9189171939036,39.66387140636376,0.8423800011742315,1779,140.45330795725195
81.41275539570566,100.07442433878393,34.46052429663942,1.2413672154481943,1316,89.37835031681593
52.601428017591985,147.05618640544614,35.63172961398294,1.3829328178209852,1694,93.35241713998033
95.68213197391995,65.9640116316668,22.94814955366703,1.1062192659458365,1892,110.7376363876725
72.83669124276423,125.26166312915548,28.644936276477537,1.5128599694378306,1764,101.82481055742228
33.898334747437666,144.5820331070417,42.74981634369644,1.3900899601147791,1953,96.89871779252177
63.90170554326049,104.44685462655778,46.91412191242747,1.6700255552916188,980,100.57025496786615
61.251479374065795,133.1267593967662,32.01061488057873,1.2532169009587784,199,106.70167401181364
75.42196147624789,144.11776973508444,28.095576261274203,0.8094640694107658,1667,105.22699204254737
78.24425861091129,80.55936163429314,40.4007681075687,1.313760942477142,1036,118.8193840533439
65.20323635207632,179.63330375671978,43.956427236922316,1.0969780322807396,1313,134.220799676705
61.82857121039791,141.68793073331977,45.47897508997553,0.9187881218126422,853,114.48639557841541
52.143137488566595,119.69159908069638,42.93063470154182,0.975908190791632,525,112.09059248378657
70.257054922185,197.81896409880466,46.87117953185574,1.1840757581268189,1215,133.63751349151565
79.03775774490924,119.83905150881237,22.505660181710304,1.5435039325844764,525,107.1717254409753
65.14898807069815,117.20410339241123,56.53418163267902,1.4477614699385672,1646,113.83260330897917
90.19560713367257,142.10139588690112,50.754047654412176,0.7993830515022471,1013,130.9078422441092
32.819800363201594,125.17387087156177,37.33385896049775,1.1598589847340153,745,66.43769348152881
61.05987664878325,32.538821850551486,52.445579024901484,1.401246757064741,1565,89.48540585129155
42.87320797405309,178.7072981510594,30.63390956052792,1.2974107974109301,1986,125.74957714841405
58.57575965802588,95.80475827597039,40.82315808440381,1.5063398025207158,818,111.76500890799707
57.65816946988618,128.00464336390806,57.72280835653261,1.5237074818821599,902,97.85024748761349
64.25574275138368,104.49143644803088,52.82759662678685,1.173253114839514,1571,98.53402750620494
64.71306854394226,111.35885903947101,39.74789115640174,0.899903627005497,798,119.47412538588347
46.33964853659762,79.02646732179274,55.36177970215334,1.3003831953991187,1739,96.06563613384073
76.96074819999238,118.98300781247626,33.272279817911596,1.2547083792723304,1994,125.41526409091938
63.41966909492346,101.58519639174335,35.64087968492358,1.1700499852064175,1408,99.06750272773012
60.10256699944535,49.06271521982305,39.22628424245446,1.4735999756814924,1810,91.92325287500319
102.03375643949198,76.24481058821695,37.36803084177839,1.198561711030336,1619,116.39777742353094
72.71725356151211,107.59825679357178,23.624991751378236,1.5976413835711745,1878,108.92176089409853
17.233234933134213,149.41852468583843,35.08708625297934,1.7320280773709622,1234,98.79873128312
24.502167052716842,94.04651858636262,31.536746462221217,1.4363520810659594,1221,78.32484395159177
63.46939118809645,142.62682699447555,30.553151019313212,1.5511566344547425,660,102.5117028298172
87.62187865182061,62.34302408337556,60.95248700613922,1.1692066718739524,411,101.37220384693468
89.33191717410958,186.1433725302731,45.08303088047016,1.2041582836630784,1346,125.61715916039634
41.887724567718735,122.95685589192176,27.546782123747,1.1207082491144191,239,88.9561772504176
55.99653221167558,82.7550122285881,33.00641864887132,0.5850782827016334,339,85.32030434562134
85.66043774484493,133.76645165921684,44.64886975105132,0.6100880390275516,539,110.3111815534065
53.05596218101809,128.53998337285321,42.47735606306006,0.7774336288361539,1026,90.5340338014315
62.64985465291987,92.01768289955845,53.907012549937534,0.9667155189918843,1843,83.1136034974059
80.97062936330744,203.00526504247023,52.19872882142768,1.2599433287870996,1859,134.16656716039154
112.68824561317172,170.7351639279316,41.855841404149615,1.4009942053783297,1796,158.65017821085328
66.0400829440835,88.91363393925892,44.73917421491272,1.2089211913209874,106,93.26083426248123
13.018337196071627,123.13334761679144,40.84604254681784,0.9996804349009748,595,85.62881931159217
105.00766745184504,154.07203107357256,44.42275141277397,1.4166819896531133,539,142.46626789608942
44.799154957460345,140.57381162409223,42.80716854396691,1.334297538230711,547,103.68864269152948
104.94726946437314,179.28651264873457,17.52336424764286,1.1664090239815061,1893,132.01176764102485
39.14265710539224,200.36701186970203,35.622914604504786,0.7951454933715018,521,101.46652550563041
69.57604788366054,148.39655612646965,50.89524353460312,1.0587061741469255,1794,112.8090342311477
76.53371642015642,103.05997945296318,41.01856391184204,1.7060324828699436,493,119.76473409921512
117.30354862333945,120.56815249616335,41.12015169037652,1.2670158372696845,684,137.1409681112572
67.8015534643426,111.33266543210522,39.0163321163027,1.6218684352613963,1754,118.79642687857017
76.0717433171926,146.90506398209018,44.46456815968492,1.0646002533275407,498,129.11652122911212
38.915113561331005,172.62691311525865,47.14384415282171,1.0250454680045715,195,99.01255694263901
89.95466162196556,110.85310475673761,60.945668577220076,1.4842965335744471,641,137.82179236002634
65.65568666427689,71.50452720625563,59.88373427960333,1.2624079818087255,820,99.97433824271626
59.60442901753258,154.3640218141251,42.95623380861095,1.2453075784458663,1121,122.48555490069444
87.63008563300501,114.76944713051154,55.63194893650386,1.146944452560502,103,115.4151911975199
59.08108918212194,89.64801131218144,48.02562578193277,1.2597127150162954,1775,87.87874156846911
60.35811529936452,133.95296026640438,37.1972615293899,0.7009308551182325,1309,93.11639941713294
66.16826425753105,155.36528192204386,40.20843191020497,1.6970801544622764,320,117.06298899014004
74.67197098208233,129.84727764931154,35.626557653891076,1.3179668925929624,1672,104.56113575595829
93.01118503094133,105.30975539971348,19.181060318928168,1.3044825362969834,105,113.06725717602738
66.17867870478528,210.0299366551611,38.526141285041064,1.401827976926095,355,143.95876479848965
51.48301706396923,114.84322478894353,34.451104738362375,0.8000492164611583,326,86.621639492232
73.91890635257961,104.0182651250312,28.666512581585113,1.2536631269979208,1813,109.902114663867
59.97017739303996,117.18395509288187,26.698213361852932,1.3964092107649377,902,102.95335360966662
75.96901128761006,111.97622610692886,49.887719386202576,1.2492421579848774,748,115.24911428834868
67.06288669541681,101.39632914946381,69.60811028119464,1.0649125247421578,1669,123.92268928293716
87.09634608291265,131.40833148736186,30.907556285350694,1.2060148999858635,1183,133.19223779834084
56.51113356727321,113.42914294829137,31.077870001025225,1.3082655398585652,1537,102.9310992396248
85.77921767281424,133.3393248674676,20.257462112082237,1.0338405192024729,205,111.30845431375319
54.20618693741335,112.5976148289655,27.24105419620134,1.4291876231506464,577,85.2402615856421
90.6727486789549,149.41185659720196,45.07632213700423,1.7241653559124774,1794,146.97675247973024
95.48212623578068,79.70748108778488,70.18017995657044,1.4992252053802115,1518,126.56499682726944
51.53203020109454,123.16997332020034,27.629289930812057,1.2806060318708805,1936,100.10054498428983
70.69069561417014,119.93146816510546,34.559989057063156,1.3414709866091998,1839,130.2550554270706
70.54093682364149,124.79905544941388,47.99177692555891,1.340859729068816,717,102.91554169088248
70.50065801361424,119.59507420094161,46.10776706492744,0.797009697948361,637,85.50641637980334
112.55297065917614,118.56679044253566,49.848276843499306,1.567976719399943,1280,132.89164250857553
57.74871072633857,123.77530690922809,45.006293837967036,1.4840014496679692,558,98.18606664599227
87.0820321873855,115.08501496712275,48.41297038012154,0.5823712737260601,713,103.7180919069348
81.58354240379198,93.23104085668953,42.291449939420254,1.1967363296285132,554,88.56102951833415
40.573392099882305,86.59573088373469,24.923117052924333,1.4413921526651183,1959,70.68720985552928
78.1457325757314,137.58854717854547,38.33531747263455,1.4374160080426626,231,110.8840702915256
82.54294246399928,94.48864874369136,53.500904307884376,1.29512421292399,444,109.26502652303886
73.41806205882133,84.91781178071952,47.62308485696199,1.223520833484343,1665,101.10296763700849
119.69672141179566,125.42873874613588,56.85996159903955,0.9929149491847298,1557,148.39663499828077
49.36392400535908,97.10713099388045,24.522681449575742,0.9877409654061965,1926,85.1681681575403
53.97374441874065,136.37938043152155,25.75932644533198,0.757073851109425,968,113.87218431882766
31.10288812124285,127.4584027660962,50.750483973295886,1.5556764967544359,965,97.16131409395359
60.581201125659035,77.15340648864594,34.72031481429239,1.2147926433324836,1908,87.02170202049808
100.69243551239231,194.21106622918884,35.06973012975011,1.2940028886056492,1885,157.62918685213873
74.35323966078008,119.84774747445633,50.47751815868201,0.5851388973236086,1662,109.80158392365173
88.1120435390054,132.44049791199873,60.989178345972,0.819680276893147,1738,120.55782459438318
35.461278359139584,122.22548478741298,43.54741577338234,1.0347393031149337,537,87.98535343307057
88.17888582346829,101.03723561963432,33.18595419583355,0.38982410698760284,636,88.80696984835696
57.91451253276486,218.62723900316857,20.418688934435863,1.064939679771866,788,117.28539646046677
65.72323178607924,129.4821415449138,23.69681157590198,0.7731839524977453,664,91.19434711874536
74.60499809145914,71.18987965843111,46.723212155701205,1.6301329794517434,175,98.83579321647322
76.37155221235108,152.68859100141162,31.729655420430365,1.2040506276175158,178,116.32489651813935
111.50193049774968,134.45146984790233,38.19093443983817,1.4263408366622277,181,121.74540470908666
39.30455002329003,90.4508632743225,43.74173979111228,1.2153026497699775,457,63.51491435989068
61.99424392445327,122.65976096432966,47.14411028333472,0.9632474606995484,211,99.53792131720137
88.49139391405376,79.13775578256212,26.662728708242543,1.3746980418880845,1262,112.41182085451959
118.43479521873434,146.26471877985665,37.626039153768446,0.9450365976686965,1625,142.72055092122775
87.55953677041434,122.38686959215296,62.46839394370389,1.3297159399960023,1983,115.092714462734
64.978619228227,152.15889236131025,46.49524907682586,1.2546839570411503,283,103.79121795640106
96.28831408961908,138.92315329324984,32.54108984527135,1.016314437475594,1600,131.45834674670468
42.620505841480096,85.07880733238838,60.21842154798774,0.6252655244965646,645,75.95163474086198
71.67592746398016,110.4988022325851,35.807979399731,1.388279597155086,332,100.66077451290866
65.94674517302781,129.01486840170494,36.99268801379343,1.0007379872341453,198,108.77528841385539
104.82127325871147,117.87922290846583,34.680241347776814,1.6329049957129007,496,148.03272469691504
90.66142707234559,143.9355545063227,45.5857560278244,1.3300062716108476,1840,131.63006865794998
80.52967100391741,91.65674911065085,37.765127254651034,1.5176071287175845,1544,111.80023438881653
46.76023765273207,133.77127815960566,60.37447475238542,0.576289663806615,175,77.89556885761911
92.95492976071631,91.1245677863597,37.85729892760703,0.7491763048289326,624,104.25634313834594
65.15214376658099,114.41216787114611,47.776832589932226,0.8752105830727949,1938,95.85339043174493
71.82996981066356,168.45264047402645,48.772044970278586,1.5372038425524757,1503,133.27010436417478
60.31576150365697,34.303789293519,49.59035535174725,0.8230120003067128,1367,63.40628112741494
30.110519009471737,98.82012154954734,42.16773153281191,1.3304542084401205,475,96.20830537083135
64.63787413055962,174.14228720937555,42.37803437096704,0.9698047830054348,1560,125.64544549758492
110.07441862218003,90.73894239686291,46.65056964089543,0.9424064432709349,773,109.02006974026783
87.9734485164994,162.2248712266683,36.054322292851516,1.5583905109426632,1322,128.49135679518133
77.9003544533108,104.26866221605444,24.889729205926443,1.028831659296888,614,90.1430154542508
87.7602654721189,82.93694545249875,36.793009450463174,1.2028215684591739,986,89.55429849147556
71.6618520152107,110.83446574973338,40.906223290711345,1.4890536815113196,1862,93.09351612158437
65.0659598749397,101.94543957704711,39.08129618383324,0.7241224095514198,306,89.03100854282914
32.296093194421346,109.24296050447234,39.73457698194617,1.4116074432152805,201,97.05539439272783
72.97502021002009,150.30273322592626,38.64987142841676,1.2816843609442314,331,130.27799215313038
78.17753955154362,124.64418869402218,25.220016355924542,1.5284722362049612,191,134.80779707645866
76.48335108132271,146.8164661586518,27.676506812423057,1.317551430969535,126,111.13037934816833
37.10061988346348,147.20274944781633,49.38819532560869,1.809270583481264,394,116.97166799178146
53.28055338686999,192.05848613717654,36.46245009357648,0.9765976848855784,462,127.70627539436705
82.42033500899473,104.65582008161113,31.382576131514742,1.219158382794011,1594,108.5386859455387
47.39356976506876,150.10766847069172,32.97841680446883,0.9057808969612042,861,101.39410502566932
45.19270663658689,133.52879957821338,49.65082105918066,0.5148213194008948,654,82.88010170020496
51.50739818346171,149.93737295559052,38.45993055346227,1.078117780217223,287,110.95914733839672
53.207914974341726,76.14427949290675,40.006705953424124,0.903662715758118,662,81.55248800350638
31.204102288926414,159.63062791518269,41.42899871114034,1.0871444996861936,1155,76.94712239513665
56.81271722550515,143.94384880489847,53.55661481704915,1.1995455396217045,756,117.33379001477043
51.11541870571977,143.3249674428182,34.401602730909545,1.0809342878338093,516,92.31077250188336
98.75136097420543,110.95607507706079,61.02114886112338,1.4354332881537846,283,124.35620506374032
57.657405790914794,90.84698556770215,42.19529003900962,1.229394826247077,1273,75.20769195405455
96.74286274331843,120.77537105421521,45.184603076371936,1.4144631594273196,1697,135.39587531969877
61.32271587988677,83.9496705745275,29.229142613225644,1.5223932719833675,635,88.70381139388152
68.58889949346577,151.36389021797498,30.820548332756516,1.55730406022198,291,94.97806897633207
65.99030058273482,151.31107355584413,31.056204121348195,1.3569402537570088,1776,128.36253715080534
69.92931627069558,109.60172538777475,39.94153867334172,0.9865290629364465,735,102.74069591060416
39.6054580574518,40.639624655248824,47.79992543964038,1.5354711559267245,715,88.68055853170003
40.905400862806076,120.53377215658233,43.22517451149313,1.4117135420616054,1132,107.32153800659995
54.960149686673475,28.16659449739737,37.497709318728205,1.1204358250575746,761,59.6725258529911
98.42142443953544,96.88745313524433,36.643990570246835,1.178864889658676,1834,111.2330872254842
103.04344317668591,106.79635941404152,39.9440101626451,1.0076236983881885,889,117.85786737602844
60.810391788049955,109.70900085893793,52.71844500571239,1.0213461113192641,883,103.25205579652084
74.04373288090339,101.82027087370025,36.889505899578815,1.047686135962407,1280,99.1927987518282
81.05285576110097,161.1896288304669,36.69294527394941,1.3017977258320281,152,123.9953776234296
55.7174068020801,128.59889805512842,28.520862016361697,1.4995587764945033,409,119.09305141201351
38.13049270729911,96.23968430816603,39.13874230626984,0.7169099762326314,1304,75.81253662875397
80.43276192171705,129.03460772521152,59.214027162641194,0.9718916599813026,528,119.14839761513542
32.93821335623451,83.70529997925782,31.70108233753163,1.290261707689645,754,69.57290059645572
35.529064440979326,128.56283515207298,47.09481215523312,0.8913699871479146,1445,96.39256855782104
82.02407276800183,136.34018431546173,36.22193894224669,1.3300388948088042,396,111.00314884291991
61.27630993463999,97.6324319547208,50.04267486209376,1.3097553959553214,316,89.10314401694963
81.51877069185855,63.88540286109991,31.140819795607605,0.9266366819196872,871,90.56521438601114
81.81310461996439,91.25646540158402,23.488196433378583,1.1451445749199247,299,99.0200857000681
62.51510606012843,75.21582049284729,47.992290670266655,0.8476527816327317,509,72.00448178014969
77.27761214208547,149.78210320680014,38.582718380411386,1.570908746480105,1271,134.3066483640244
64.30196090646248,135.10788480349623,33.81196223861123,0.5160487976770489,1992,105.73538552491657
89.6526359450876,133.2980777918874,34.249626780583895,1.6199276540200422,399,107.37999842163677
55.25817045725523,173.5437016531891,44.214940723908285,1.646937393922326,1137,130.7790648938564
58.680406839121986,87.33397373564515,41.24395000361986,1.1456371961290628,817,97.88376952788705
76.35614508470785,133.84595698260958,43.403947352504964,1.6352526401605634,449,122.58056387110419
34.5039931648843,123.76516101264548,45.98181334572179,0.7458185519062746,428,91.43649131379294
97.16723249687591,103.16191686147778,47.6286310569645,0.9852701166748307,1147,119.4457911200106
48.082036611880476,129.27450792180397,32.34025524640836,1.8049135856059353,489,113.07236422626842
69.67973780799393,178.322400066252,40.197674878352515,1.0458239904476485,1425,123.63477884161512
65.98875816790137,74.30163340004776,36.07086199693915,1.2247237218462022,1971,103.27139812738525
44.97306751801972,145.4181704770462,37.82219814440663,1.0818438078806973,1498,105.934744966566
62.71152920812383,141.04802226235944,48.50896626683277,0.9019344878620921,1185,113.55072211351596
60.463005631706295,67.84481385231052,60.31280723450994,1.127134832171627,977,75.63008339697228
84.13474946337907,130.6000656663798,34.46841550168463,1.345682944175815,360,104.67531885402812
70.67400289856973,93.46461730101728,43.111538275411235,0.9736622665034743,1140,96.60334771951696
23.57386245751976,154.91761388950547,43.0642700391031,1.2483335749218787,680,93.3654261892347
80.0851723017586,79.01182542196548,40.78719976727293,1.2399807944484817,841,98.39460189971899
45.74968154471405,108.31002909299795,46.62024373018106,1.028106995674134,1982,87.52055693212014
63.17161493806947,145.94805983695053,45.88801353755402,0.9130156780645236,1256,100.32465694197637
58.84729120521348,88.37555868076066,39.52837154398598,1.7557826335328994,1028,95.64282892948404
54.38786540152774,67.49223710392243,41.65699761660807,1.4346151815455317,1638,80.2015342798774
68.63733650665219,162.8088797323376,52.69237823689869,1.5985395830819624,942,147.93982325994162
92.0467722563754,165.64291677352676,39.11005744195041,1.4380287995096324,1017,130.26250036854344
103.55947558543551,139.64384092200328,51.8858226693852,0.5799251802467071,1074,113.96242659837452
69.71399989170826,118.77867646833775,49.71053779384962,1.3820966613849262,1956,107.11489848097415
47.607766192994205,120.20426559248789,45.34545918796732,1.665808824041585,1717,110.24381756550173
81.88397674838572,91.46481511679985,27.006528299844778,0.7061436577622909,1766,94.83477656504733
43.447872152143866,120.63700055976928,21.187712268503386,1.5410744373885636,985,112.68889281988253
67.20057512920238,137.52640705199545,35.40270023351994,0.6996280269610794,635,93.10675486169639
92.89909870226175,83.00973058575323,49.477554433682,0.9860688286235451,268,101.03115091268569
67.47299764419029,135.89262072358707,43.09847778714907,1.135498235377795,477,111.57034387286839
59.47517664774763,71.2521634037392,36.96415039678195,0.9252362181390101,475,81.18887682376656
98.39234774821881,161.42147809671326,49.783908725401076,0.8342650338324347,1914,141.1904665286362
41.96519695233522,127.90287170526399,30.316801626948788,0.9950779384230007,1574,103.38072064915525
44.42459185375914,152.02739249763988,40.96023074600192,0.6972439376703421,1924,94.94021042803345
66.31842195271217,112.5002176697754,36.05043713591887,1.0289082003642565,703,93.17827074669194
84.04544525162426,145.28933343588147,33.04603468462779,1.2887095074100647,1824,120.3846803780161
76.82268763282848,53.56659781866881,15.972029622514363,0.8394357241788939,1756,95.25002318878673
92.5225768648146,166.90372752995745,47.730902854800064,1.2021606110753995,1601,134.67429548779825
49.2423456589821,46.921800756868706,20.934710711242307,1.2032873394144439,218,66.37877483572885
95.4725011344471,131.82184891365046,56.63904363524616,0.8886952738796721,1236,132.4202322512062
72.78571259578351,103.87893724988936,51.644676322863376,1.5264814410579888,803,119.29155090065538
66.29270260189124,115.1643397253115,37.413444688981926,0.8650839157095336,1694,93.40382691267685
88.71263428266886,86.32018402085066,43.92271519909708,1.1575888986265475,1963,132.2907330787042
38.23630014591875,82.87167436853494,25.34082143887952,0.837517102096093,266,55.232688441315744
128.0618746361181,138.20587815125006,43.14644563462951,1.312991511106616,1113,150.58869546597887
31.73794956012457,148.22282524707936,29.77338143370998,0.7965023053240303,966,78.92523784978458
83.50511505098572,107.32553573462448,42.0287172381649,1.282506698999552,1007,104.69793870029969
96.36121150779157,150.3833246193941,56.34179582147797,1.4666411899990366,848,127.68867495985316
54.37758872229983,69.40402132592007,42.63614037418108,1.0522544234812607,820,93.25201756422919
78.15461664858236,99.79967044145863,38.6727750025005,1.1535488328717156,1211,105.69848044814727
86.90800827839973,165.69693604111413,40.83366384372514,1.1180433588503516,1553,130.02706689216888
91.28636737390555,142.92706706799714,18.993791359327098,0.9488923124849357,1545,122.11806580153434
93.42312710880249,86.34087551437251,39.08121042689556,0.9712791031563104,1199,100.2218410267383
50.185572604560775,148.21430560201543,38.60377424322189,1.5221522337650557,460,104.30646569785532
72.10740366020624,115.23405106070612,33.08477109128082,1.104236642188659,1453,115.20189938990079
42.562326031457076,134.04491572514007,45.204454513765995,1.374973737472912,123,105.39035253457882
19.190454561055752,100.60372526452949,26.618845346948596,1.2755643202549594,1883,78.08559394070512
86.40824033316848,127.31158561848385,20.909591761045625,1.70733195461877,1992,140.03387974227002
75.18254447750232,47.05809363528323,41.60054239571481,1.1775585669791095,396,71.73514953311074
54.96284684294321,89.90472887175022,54.636677369777416,0.8070165424417521,945,104.57543364970608
62.693895107687524,139.7656823717821,44.57208771529969,1.485325724174852,1184,123.39975575201228
107.77622912458364,111.5788288743975,31.903569584795726,1.164769289296086,523,119.97012526064877
78.653586451552,105.78800117890393,71.37056653425029,0.5011041716013117,651,96.68097632210804
45.38494176035147,70.53143008089046,29.93729086093078,0.924845441924655,1868,76.57734656112609
76.26140362125071,97.92011805726611,39.41379457309029,0.934819183350178,150,102.3872498249497
85.98462351382663,141.14710175408948,46.84472428360274,1.101255633292142,1088,111.1905665437358
69.67636737043804,91.21552844461112,29.48869182918002,1.2545879052371054,1590,93.40033084777373
38.354347210935586,131.30802853613775,36.322141684280034,0.77822593510719,1235,85.7855152080678
66.90506487216037,127.35014058947712,36.11520615908803,0.7914208333780233,479,79.58492393999919
48.586667538078025,150.95855072719303,50.33207548800347,1.552429242572743,849,105.04619777890574
62.04648806388977,91.29104530040063,35.85144576860713,1.6457432549658606,250,91.2435124221301
88.67613553376592,108.36862867955212,35.726326180357034,0.8203316178981555,908,100.19628405384948
55.15478160275077,104.16429242432031,55.35683440974579,1.267218363725951,922,97.57339380209021
44.85975364477108,93.71408817214964,43.94517363548043,1.4476995083107136,1854,87.98398437502472
71.0727302664731,136.68262374451797,52.535963339816675,0.922282254875932,264,83.59821016941358
83.21694816144915,115.5946344486704,44.87949215216372,1.3767770098748924,356,117.83012779015846
86.62448042722886,170.44612262248913,28.1564460969188,1.2885354543397867,886,146.12099567227045
56.242709429433646,123.15261875426492,34.55190734836053,1.6504264704792209,106,94.74391501262883
62.23065227742533,172.52417801374833,28.123544752531956,1.06012504242016,1329,125.29888004308702
70.6180413206384,136.67448552270562,38.367794743697885,0.8088722575672787,583,105.8198705818687
41.63944898625332,116.42896643676058,47.60094142772482,1.4901165909161027,936,107.23820403630808
53.097761433838144,143.31354853554143,32.82121452115938,1.5003519120548747,522,111.4890271861322
69.18268912957541,137.6624486779488,40.83525148131955,1.0534604671803491,503,118.24374050246783
73.14582445560652,99.80018945749111,45.4781591639284,1.494445952724563,349,111.8826770476648
70.49895137567589,119.95278432934421,44.739949627906185,1.411267983143876,284,99.07761021377968
63.63157918398447,172.44893430629028,32.26127441120247,1.2072220139361214,825,106.6527839968836
32.9208600311493,177.83103972050023,33.788160115677705,1.4474669712596142,798,105.82631460481919
46.14127302910549,131.2784779549865,60.89900062124627,1.4377042268920155,336,94.29429565406863
78.86380332907953,144.72559811458885,46.309992396536,0.7035913555085023,145,117.68361848143645
98.41015832677985,121.33371005124168,36.12186520787164,0.9505915442207867,1061,107.37593148952672
95.18388531317666,168.85477094276075,53.85247692535636,1.2730874224813817,491,150.59419844557857
51.83728627378463,129.89609206899306,38.10428516225189,1.2724570428164081,526,109.33164770978185
70.19960834660205,174.48164996432178,44.66128933074043,1.1391315149832602,193,117.49830363245994
78.74557805296685,151.0921410937738,52.74481592328118,1.2600028730786328,1456,147.00684832739736
63.80102502003092,110.32399665455522,31.62522190304668,1.8422110370001787,1291,130.72537169994504
76.42343233423966,73.5657510496523,38.39326578239985,1.748483074847538,1134,121.88851119852498
39.86650669270469,191.00785254529183,26.866318700047863,1.356276769267189,1810,122.11145453409935
85.64967621939999,148.69752913191456,46.51159720283056,1.3437782967286171,903,136.8511188150214
72.76768981143096,138.41201392997257,16.070826471729674,1.159936332101422,890,115.95209662081045
64.60909387594343,141.62332989407366,28.195704805947504,1.1064445009853108,1507,116.20975743040573
77.9608443781044,164.52811458991806,46.71789089449363,1.069650515851296,1110,106.01168284163941
28.462746604214388,106.29423884420369,17.868089512365273,0.7924349055628753,405,68.14620869427979
70.86183207395088,149.81138486802,34.02625129321467,1.2693964809880611,1903,122.27685636376518
57.75991761807735,132.82562146690316,24.199423377584935,1.4425369809912458,903,113.0103463467438
35.85728724269661,106.58800179482927,42.85418516884638,0.9679678210229342,468,61.55087949505025
79.76836043854284,69.90265737547563,47.54130681777703,1.1740951843591112,189,94.29114553676771
51.282225150109085,134.38562224894548,49.03449727695384,1.4572399215726262,700,104.58074780337517
89.95213601971821,112.46297794399304,33.31347996578534,0.9725137892129316,1334,126.51840579555886
44.047640659606074,140.38955950137333,37.0756732552757,1.1853554973163023,1806,97.3175008129803
63.19835034684869,127.57429854681206,37.74738692862555,1.3120780340735134,868,101.87633181083648
76.6770541361519,117.06159004299035,37.89394015483189,1.6346891308398983,716,118.69514826621752
69.67750440223614,107.77428153969848,46.55963915822765,1.0714058314377206,860,105.38865388500308
78.12800072996389,137.1609736257904,34.67365199865874,1.2282965274999322,1117,102.71835874011153
86.91305185332223,150.56073130664268,35.53454607726818,1.4756386260370404,270,103.08418993105363
71.91547251049921,144.48571580259485,40.8869017959348,1.1648921830754955,997,123.44530305404122
69.27984163569374,82.3205588288742,42.21415824620407,1.3024268444320537,1513,79.03708690692964
58.11238520600723,103.7092323393413,45.282877101860805,1.4854714375389917,541,116.07330521580721
67.23958911163248,91.30997362085665,43.80638202151377,0.8882036226424457,1051,101.87681853862156
66.13090868445605,112.24154345997525,50.17211723504795,0.5947841083320952,740,93.25857489895743
97.23184189094961,138.6360791832436,42.379585006513004,0.8177660103156387,1878,130.9118445718456
71.00576449031033,120.73852593455567,32.82659062912255,1.2432176715805883,1317,105.66302653324247
74.08622871196461,127.0826158127381,26.465717791886956,1.5156354932590839,324,112.29079922627751
43.654135177404754,148.0183694953969,17.364737319225704,1.6104709945072024,1830,112.53993795068835
64.43226287100009,152.36308341688732,52.415298092256116,1.8031645517278823,438,138.05823642974832
116.32502394868459,173.8428489349219,29.123263886622944,1.4219671909860099,489,144.30368690190522
99.37762044609066,92.40663756708602,20.2182043369297,1.1684134727690365,1693,121.37811357283562
63.66825835120383,141.43248468775465,47.075041549602396,1.329580499048381,391,121.91738628766365
60.38752254048985,100.73271305945893,40.416202598175296,1.8157437712633901,591,110.50905616532286
102.84715032216035,109.00001348332543,38.388634846618665,0.7940316155069614,718,118.63211527853497
86.72748511164978,85.38676948684895,24.98391958193772,1.1932201812799874,541,118.45374751276645
50.639353777338044,117.14588621504036,41.38400284719628,1.2660339665356184,1438,95.64006529420682
89.74866708010498,176.56849733873293,46.0196182437216,1.4746365960193604,1997,153.640726675634
64.2053383449755,96.84267699040811,51.5343150116113,0.9412642380836667,1707,114.4272571142224
46.76510377254891,148.8783324131902,48.42362149964768,1.1678012116575702,417,79.84818254130559
71.66740545525029,117.05187989348612,33.85937373025538,1.0773065694105064,1582,104.63528191823379
62.41556160555453,111.66206508541035,51.60654677063788,1.3470136286994912,1020,104.04426473916496
109.84359789367863,89.48369651581288,47.05377652117575,1.1053969204043643,1700,120.65744995384105
63.96168675073324,167.45109292472318,37.17443764322069,1.240361097184363,1802,127.63725798294787
63.38273216628266,186.3665446737151,55.932330098481046,1.4221875654915768,1568,129.62839225272097
45.280925470895724,130.8991555861835,51.70681187560633,1.5896055157349718,113,93.489432430379
94.87534047611791,99.39436673320216,38.32594387233485,1.7927265595913027,1521,122.76639893540396
86.71297373589243,102.88601211553592,42.36156314480312,1.231166245328241,914,107.31828741169434
72.17988779678498,167.02886936890263,36.36940609760541,1.1772322601894305,1784,127.24095758944185
71.5480913090854,148.177372993637,53.23782591065448,1.56050448671707,1100,135.4255109672469
78.02744283527687,102.57324002384995,44.45032762395736,1.6082804667192,877,119.40224123753775
114.00219679504535,124.42065969485971,32.22355929774026,1.2137123638218263,529,114.69773926731295
55.939538895668875,162.8736963683848,58.241278584804924,0.9630881966721627,545,117.46968790293738
78.35057309301318,146.96184692955023,44.19671952504565,1.6806348071210695,1250,133.73140261156155
105.5470903530582,111.88699296797738,39.14786725390328,1.5035893853603455,733,137.2367298131356
52.05789877897841,125.72076105726627,32.76211461837968,0.5255845049545304,1196,100.53359291424333
71.74761165779543,139.41074084502586,29.309770751641047,0.8923687469625459,474,113.15458674897991
49.59554109873239,117.18799138294027,45.877074072695294,1.5872167403231399,448,106.8947663795391
67.66397432539678,142.58851876434497,38.61616483925201,1.4078596815786004,1935,104.50137332418764
62.40994208454817,76.67276927278374,46.56367258036383,1.4756177345836496,425,101.67368684960005
92.41683946918697,160.5266405590399,18.962254328319958,0.839235435530884,674,108.37838706040306
79.9907845381757,141.26744731790942,39.77412525482675,0.8542835151312997,1585,106.74184338798747
59.14754893857903,128.5953427736178,33.189927769141974,1.1664372619232053,1998,112.76064278532549
75.64024719179702,51.344141139670796,52.224134769893645,1.2319224317276747,899,86.850938099517
55.7577201772078,171.44825739518006,46.79335776793863,1.9573203781408968,1136,140.3675161589178
78.31193135324995,90.5421622492969,28.293833320954654,1.2907071838857458,1934,104.62265361645089
93.97347666531448,149.43347218321816,40.811618440952486,1.378914790769463,1464,127.13143072648639
76.24407504565272,169.15751786736962,41.81592565789736,1.0228893154689245,1658,118.18529142047633
78.85988109443082,176.1496770225336,39.52082483673209,1.426927061091836,662,124.5386708251168
88.24184253615284,110.11927910102138,40.927582448389096,1.296204940575497,1912,111.02589152455907
75.66556765139453,114.2572682474322,39.9856236337079,0.9990531933954172,1641,92.525894594625
80.17269790409942,128.45654710345235,42.73405828734624,1.2380214225249548,778,121.4621141321083
52.935884419368165,90.10690290763529,29.72354609149273,1.2739068265128628,1377,86.03590959335388
37.37693369339341,82.8342861827169,37.838412017197264,1.2384792426604756,179,75.30067075729752
81.57427860038835,191.31480535814316,43.644005617688904,1.633956094856101,671,136.50125329989265
82.09283549107346,132.48727138817873,39.06722650260088,1.2443990769572468,1210,132.61238151340547
93.09411380963122,126.56460391988843,46.3863667815973,1.3158745543828727,356,113.91378355206041
49.68053051567479,91.91527023458711,34.34288338629643,1.3663911449950041,806,75.77745485546156
90.99378365140024,147.47609165229812,47.81356939140823,1.1087588954377945,1250,120.17954063293173
42.8482437143675,122.53787905901984,41.23340213420451,0.8947140801116884,1141,74.2389318254952
74.73002869354143,112.9671043392222,41.83309610909306,0.6108174497099245,878,116.27960000292057
56.42632286898865,121.75900135624228,38.70757014482935,1.1680037438402575,242,88.21847247963343
98.44996368058587,96.6352146061375,27.239081203147002,1.5012715613258356,1502,115.09081683185819
39.31912166497905,160.2360157822876,25.16503775920961,1.5039999015577163,324,120.71450861086538
88.71543416619703,76.27029138770803,43.381888388673424,0.8429458832894179,1792,99.12609808148132
23.040732458541193,123.58101923443358,30.739728026505865,1.7129192367434247,1787,103.60823520529091
63.90126532380974,159.13133233478473,40.63511519822176,1.1459823671806286,1627,130.26092201992395
60.138365265370815,159.01401716425468,33.84351188541496,1.0984198098225653,1268,123.2007242646546
26.763842208411276,134.7879371654105,50.5530960070125,1.4249641182443658,1379,89.52200333669003
76.85059167087756,153.3557951009431,41.51633417160642,1.0780572083390705,1236,122.53284420513228
86.19703673554778,76.6593253420935,35.671466739818946,1.3809401095167018,1409,113.19655440485502
109.87943724782036,113.86826121579722,36.3587399054947,0.8695433287027696,754,98.40659321129316
92.27958158459309,105.83326310601478,50.97324056934014,1.7831317986458894,1132,128.20187017182604
93.84101680961628,137.39210012943508,38.97603376358508,1.617245462621618,616,145.7524705468555
50.66746299535865,119.15604761622174,42.654445484238465,1.1594102804609225,1598,84.72154335352114
55.22816145655494,135.57417866318738,30.39932072039703,1.557116267598309,1583,112.36935853110081
75.85989185188691,99.05056368621804,37.019136507791664,1.146213631601621,1781,103.52210349806833
71.27155573628349,115.46060644013825,50.08137581066988,1.4018180766849433,223,117.73007870305133
80.14263960150981,166.67703187132452,42.23870087257569,0.636536860192659,1131,107.34820203986592
77.45229319909294,109.87686831867705,51.581129628116614,1.1933549258597964,457,108.54114417998585
51.07904038070376,108.52391742239496,30.579430752425942,0.9397179767012394,1377,85.34938897553475
71.20748535575215,147.33867147840422,24.711427403045658,0.9409541535203554,1054,123.74159089412696
70.16444120165893,74.65914055638802,41.40636908176161,0.7548680972067137,1752,88.78846192530395
41.96945149125522,140.78744394540885,50.44574223876332,1.3190546895441981,1192,103.96379866595294
81.58246370530803,82.15894709761946,43.742876117182604,1.0698842848934051,390,109.67260302533846
105.86350740887855,102.48614102053828,38.23029682452753,1.3233476635664083,1517,146.80354585439858
44.856742606447334,134.04617360064523,35.58731726587059,1.4855171967450564,1150,94.50958246436498
69.97230355510003,124.59339147077968,38.75927721180763,1.6008681692098579,1537,116.32134761315926
57.885670765779544,151.86499363458987,39.25585231243205,0.9567488898375202,895,112.94586574502961
99.91966181378554,81.8637854772106,35.410753586880205,1.15063685455145,418,101.77006431733787
67.77117865478485,138.34744239727743,26.726291793709528,0.9278052289361676,915,103.31027534080673
43.72751414164674,121.42088944150709,52.488893148721814,1.301152071523972,1403,92.91449575139913
97.4409370458783,125.21440456224343,21.64953843523946,1.0447302970737435,433,118.6701463465801
59.78116179644169,140.8615025904231,39.596267950523696,1.4830659213012163,1746,114.63826789755221
55.33661238406424,120.67204867595656,33.283953610840975,1.1090188398801306,1129,99.82053631151666
84.12486550196488,94.27764038039624,38.65643229054395,0.5667105633067978,1336,104.86382755783782
70.95870512172854,140.66785158484046,28.076699652348797,1.1883774727206864,1071,101.23818617738247
75.93492466971978,155.93950221967998,35.237474423227326,1.5604265128925219,533,129.80172763994122
37.46192477890128,173.73930674989887,33.24964856480774,1.521871672762885,1804,100.47940786148638
65.26720915111159,108.64003665649078,26.362862089928985,0.8566293693808666,1147,86.03511220620136
54.818199002198895,130.8512053963498,23.18729173728888,1.7474045517515822,905,107.28710438230372
73.59036167259003,67.79178127295278,41.24109869641818,1.5926656161874926,464,110.73386236389416
111.21603564902622,93.26407514705994,46.8869477208201,1.1996313334262347,1248,116.53329062875146
64.12320816850415,70.66920021145043,35.26312519512366,1.5400399063758294,680,93.08182917595383
76.15549171068889,126.89982188358024,57.4897428018143,1.1702537360259824,1548,122.23272150056519
51.10453246274922,119.34506599139779,48.428017317030154,1.4340186103396717,996,110.65272807439933
82.74524131720229,157.392235325385,31.262521627107752,1.1388185293348552,1594,120.7628084428007
50.339601894466924,103.15401372669025,55.411775327082466,0.6762660943402,1687,79.92985207382787
67.14489192477417,123.58503827728028,53.606497094663936,1.2166706541195695,1732,114.1341167919785
69.66139060008695,114.3606451278802,38.34702913414193,0.8903135537601992,479,104.07538849279109
65.31239493156302,144.4978354930117,51.97800267970047,1.5520486868348107,1931,119.13851220493197
75.17148748740999,92.35637369013246,40.19647097677047,1.581945532260742,528,99.1190566699535
81.21425726663236,141.0280646458864,36.47787414595609,0.8161957879401766,136,95.15894603067531
71.64656032364219,162.83793882208656,34.334477732925144,1.1884454410096867,848,111.47240093315287
71.76811345805737,120.46683194152146,42.07573026088046,1.2701680072973722,1716,113.75223227564697
72.97988100562378,83.59615838585086,43.69937511470858,1.274643565066834,553,80.42850930045442
79.29498007357783,85.4125091849622,46.119852916616146,0.5851180510207276,1410,88.305233334104
77.93106191808285,86.79638085083582,30.9388479797541,1.2229410599333492,231,89.54031810082353
48.314638683311465,136.7292691569189,40.090856180577795,0.8052315668835585,187,104.48422087839488
62.687423296144345,159.4120396807665,9.783999459266827,1.024422554106457,1866,108.6320459170123
69.71626129876695,181.15251501513478,52.313907083519204,0.843475412285074,561,131.83517632135843
47.471353834490905,109.9271653402381,40.104248826117455,0.8194570482044048,1746,89.66334373374116
90.70007208262422,139.33262502692048,44.35164239655589,0.8137316253809552,1910,119.40032532893953
53.1148193930579,112.51087101837837,37.2545744782103,1.2206051801965547,412,101.91015692007574
63.57056781954083,82.25509690840619,32.67205637032564,0.9699770545331904,563,90.09026452290934
90.99468734956794,88.49878363555331,33.93628313579388,1.5943873783355542,260,105.92061498225604
43.65180423103923,125.64648293701022,51.33795291583798,1.0395207793079235,967,98.0922511952136
44.81862196761592,72.90106222270012,57.4167616648023,1.817722253263049,1557,106.39352120090675
64.82988285780414,96.29917997705135,37.73390409797045,1.135989533729346,1930,107.95856209527543
59.125857808581756,79.19672008899545,28.968642105701516,0.9784270449312139,1472,84.73356476169447
36.51584590891762,76.50468226910749,46.40356827291346,1.3363757012838822,1382,92.42601869027496
122.6747443100578,95.52221351993754,22.013761181879868,1.2624031496331947,767,143.29716833491585
56.96726056017374,80.99392561129365,34.049117625370236,1.3555741348842478,1170,92.25001385227863
50.10117278442049,135.50104598139043,22.259587514455482,0.925796812530481,515,87.66589964052113
66.1433703481618,149.55589846429132,41.90765999329971,1.0105599735792596,579,107.00584178508882
34.97223879148771,172.61364275012812,49.530359310712115,0.9780294598109881,1513,108.82588068563443
64.74595971632012,178.37712319932095,34.1639657907188,0.7771848953295475,1634,103.37896355459254
76.09645485909859,186.52881672292756,52.79331800594494,1.141011780266266,613,142.20147264480437
84.40893294948975,142.9093445609142,27.175717782163815,1.3262506408983779,1739,123.31145849550347
122.57830403599766,69.14624468354509,56.29498366310116,1.1773943123813428,1803,121.81394934004764
85.28944225498165,106.43275904329539,46.612882497419974,1.4274288029391715,1748,140.03696500475877
72.03945766189632,144.37969663028355,40.36558757811123,0.8479129640206127,1043,108.5403995192824
58.65116670222352,114.04581452768751,40.72986248894641,1.257885986908612,340,97.012260735548
54.975719140342406,94.79827110889545,45.32505875674014,1.49767252652057,587,91.98789554468269
91.69107440278938,111.55034077473064,34.179767099729894,1.4675531486427507,369,112.78352880394633
55.914518533055585,133.49524330746672,27.241227258888046,1.008987954273975,116,98.61556282922243
90.63596595377442,126.92687883318139,47.07584173389713,1.191724208600577,713,128.57909418239984
83.28401815362523,127.00850276511734,26.112489250783646,1.3736913194223475,1996,126.15138220285125
73.67815417985555,89.85176621771296,47.842252508518825,1.1705328295819877,1387,104.51485078935788
74.29026258854311,56.71378712696215,35.56585416604324,0.7148392187905148,1043,76.23916202406876
85.36232684425471,115.95745200201779,50.313441889456286,1.3880966353918118,329,97.6065697304659
65.22044004830168,86.228627511746,53.876879532097945,1.478567435217789,828,103.81353312790125
73.29199530383167,82.68653210697526,49.82328974682005,1.2701636218045902,1132,99.97844446235402
44.874318630753805,103.87436549703824,76.308136089132,0.854719279546333,1631,86.39171464689781
58.42211910800834,99.9399744938814,52.57435346428925,0.6868930408663049,1222,90.39876211797926
73.37387277544758,106.35008939724005,48.841711258802825,1.0228874164592512,1277,93.03693854212182
51.2169217715077,90.80926581472119,47.26180708653849,1.1458252665873572,590,103.89853732667889
70.33766329637442,129.06285579099176,33.04336290285546,1.0365301757456025,1700,105.93602032901562
67.46650684260469,135.30521422959177,45.77414206324539,1.3318838703936984,1057,120.82646240988268
48.58627308066828,159.4231767144974,44.0735502554778,1.7142385572197452,192,127.45947200035782
83.99949328079356,136.7640789668457,51.657836825248864,1.1526982141997049,255,113.82692093030876
98.41302248159244,91.59487989301654,30.457728918377246,1.3695654722789499,1853,110.06533098910957
102.03411910347691,102.54360302188306,24.56725148084656,1.3115506666093388,1336,125.21963305651248
46.83148664991912,114.99662187313288,24.600488646487513,1.4649633380313616,1827,106.33227901746247
77.05347596077685,106.5146512405983,44.55619123187441,1.3453450546313093,386,118.52344619577592
57.8191788321287,96.60924440533012,31.553218029430333,1.0952713035593287,399,93.65655741677645
61.20010895942677,23.232159991354393,26.997819735637535,0.9636625099373486,859,66.30925853435093
50.3676263225558,119.97994343815195,32.494754657176884,1.0725799140568162,265,90.40511818226872
91.84231558946371,101.40023176422582,48.9005326625135,0.9576054070747615,1120,107.42549158211123
41.849385466679905,112.68248036947824,50.45078709894018,1.3194948492965706,125,90.83180409184864
89.99708241955594,117.46763909772646,27.792582195366798,1.590307451287602,220,124.86771380575689
103.668533911194,109.56684085055419,51.79382808863804,1.3705503042482454,1544,116.08830409692806
64.7066171275791,110.15146810203072,36.81908703832882,0.8487343316543676,147,88.75430354444549
44.330656638119024,147.2277886858094,46.52821039122685,1.225163072670069,1402,98.23718732269748
103.2580742020587,136.4210752474126,38.21868613810888,1.8646625931396124,526,143.4931545192104
75.09716904446658,110.97003577730614,38.86452249295284,1.1143249991828916,100,110.02816180587638
39.86222502385058,130.43602023143953,42.25124740417403,1.2090797811129386,1565,93.31919270511833
53.862262191476404,106.92801171425722,43.19984137640563,1.369248446300087,1125,93.8878799712482
88.5757523011658,139.2694042796321,18.28458717609927,1.278142419673594,1899,117.89341343044056
52.99394734596863,81.44021329956087,23.939934648813473,1.699480858518373,125,67.65925301068654
84.62840359475152,154.158146129801,30.163412666083953,0.8227064439900864,301,113.19537697232336
