Area_sqft,Bedrooms,Bathrooms,Age_years,Distance_to_City_km,Price_Lakhs
1698.685661204493,4,3,32,1.560876396811316,101.77
1444.694279531526,1,3,49,30.809782071020667,62.47
1759.075415240277,3,1,37,25.325980309696355,74.4
2109.21194256321,5,3,26,30.72980235553744,131.18
1406.3386501106656,3,3,33,2.518582650818959,66.42
1406.3452172203279,3,2,14,33.647665485395436,69.96
2131.685126202957,1,1,31,25.16152180141583,100.84
1806.9738916611636,1,1,20,22.972418677792966,93.86
1312.210245626019,1,1,45,25.35994787646673,33.96
1717.0240174343858,2,3,4,34.7128966278662,119.29
1314.632922875015,4,1,5,23.890523755797375,70.59
1313.7080985718972,2,3,37,23.657064815638993,49.67
1596.7849086264137,4,3,21,39.63648712556487,93.58
734.6879021368809,4,2,17,30.51247651567415,43.3
810.0328669947869,3,2,13,18.249458412594276,45.87
1275.084988303611,3,2,9,28.58848300128418,78.53
1094.8675518662305,4,2,45,16.17998839597975,42.62
1625.6989330381095,4,2,12,9.92614303685646,82.49
1136.7903697915156,2,3,30,24.277223198622618,50.58
935.0785194658835,2,3,29,37.19910182644411,53.77
2086.2595075686218,3,1,2,37.236441280603046,104.8
1409.6894798053856,1,3,29,14.334305846114123,84.58
1527.0112818751695,4,3,5,21.579421182646104,108.89
930.1007255146172,2,2,28,9.253800044224587,51.36
1282.246910189927,3,3,7,39.829613270456456,76.76
1544.3690358839465,2,2,43,39.263598406849496,67.06
1039.602569031079,4,1,44,26.330848258590446,51.08
1650.2792073382689,4,1,42,32.372148327421456,75.34
1259.744524032478,5,3,43,28.888906290064302,68.62
1383.3225000826892,1,1,32,24.13317054253926,46.43
1259.3173551082411,5,3,16,3.08057188256701,67.54
2240.911273803575,3,1,47,18.73580935955378,116.67
1494.6011101048264,2,2,10,27.31666578452901,80.11
1076.91562841764,3,2,12,27.4237329414637,61.88
1829.0179648412757,4,2,49,15.55178211847296,97.17
1011.6625400115911,5,2,10,37.72598747966319,57.98
1583.545438001902,5,3,30,7.526924257234459,88.91
716.1319504480898,5,1,27,20.514018402406865,44.02
968.7255804406278,3,3,43,27.94447508548209,60.53
1578.7444943476494,4,2,5,28.18829642978056,82.79
1795.3866319981641,2,3,40,26.296919313983807,58.61
1568.5473124759883,2,1,15,11.736240324622546,76.69
1453.7406870447037,3,3,3,7.092056178778257,104.79
1379.5585217642845,5,1,34,25.801672746241724,58.31
908.591203853029,1,3,47,24.372782529438073,21.51
1212.0623166421165,3,1,25,7.994884401280398,68.84
1315.744491616085,3,1,11,28.50042667725197,96.54
1922.8488904875662,4,2,10,18.7517076776126,98.93
1637.4473158273845,2,1,36,27.042663072522963,58.39
794.7839378549064,3,2,24,33.657316111035875,44.43
1629.6335877579181,3,2,17,7.619408714500003,105.44
1345.9670878334734,5,2,18,1.7466498518766305,84.33
1229.2311998776165,5,3,22,31.385000869435686,61.03
1744.6705155363472,1,3,37,24.77819958095202,83.34
1912.3998089983804,4,3,17,28.285943215262748,115.48
1872.5120476464795,1,3,25,33.68804402455706,105.31
1164.3129907109446,5,1,5,32.30962645815552,81.09
1376.3150496595142,2,1,3,38.475885730224164,77.35
1632.5053725614257,5,3,43,21.90146807523261,89.23
1890.2180508489437,4,1,28,20.05132967373631,124.71
1308.330304861884,5,1,33,16.673600795738473,71.23
1425.7364093344731,4,2,16,6.993950670923977,82.67
1057.4660103975887,4,2,42,23.331682082398874,73.17
1021.5173503677318,4,2,42,11.803488448713173,41.99
1825.0103289576791,4,2,15,36.930992976306044,81.7
2042.4960114283292,4,1,1,23.744441366806804,118.8
1471.1959513678664,2,3,33,24.120767039816297,72.11
1901.4131591568098,1,1,7,14.84206177420339,93.54
1644.6544100190536,3,1,12,3.0275847271305922,104.46
1241.9520981579503,1,1,41,2.238006849546556,43.94
1644.5582422033656,4,2,7,17.5100706219747,100.82
2115.2146265863876,2,2,29,4.298049745792277,105.27
1485.6695843560194,5,2,31,24.667031266065425,76.57
2125.8574623256027,2,3,35,35.35794721994664,100.07
452.1019583641023,4,1,46,35.43367784423017,25.1
1828.7610017500895,2,3,29,26.702770995157064,112.03
1534.8188272952684,2,2,0,9.23804142744431,95.76
1380.397059813653,4,3,42,34.656876422996014,45.71
1536.704310614201,2,1,38,35.55764397721512,63.59
704.9724341596428,3,1,16,8.66948981316539,44.75
1412.1312448649953,3,2,19,29.759617345056412,84.44
1642.8450286046987,2,2,23,12.174262408157794,87.14
2091.1576178966066,5,3,49,32.30297218176426,121.8
1292.6919126905411,4,2,21,39.8922780962405,74.18
1176.6025588427249,3,2,28,2.1710142078463197,83.57
1299.2971825661853,5,1,21,35.99726876584634,69.38
1866.1608470808296,2,2,43,25.282590810347664,85.97
1631.500443863874,5,2,8,38.96192214742803,105.95
1288.0959184931844,1,1,36,19.135371183530676,46.54
1705.3069732453425,3,1,9,34.048129292283576,81.55
1538.8310197392161,2,3,35,3.433368675332812,74.62
1887.4579962131556,4,2,36,14.075882953053533,94.26
1219.178762449059,2,1,27,3.613644972297189,67.3
1368.9351413608927,4,3,27,39.03838220568375,56.59
1343.1567387471368,2,3,41,32.86198238360163,44.34
914.5940207471526,5,2,42,34.24934942859285,68.28
1618.4481108258303,5,2,20,37.58064402592188,85.4
1604.4221088719557,5,3,23,4.319035958671629,105.73
1502.0453826569844,1,1,41,16.038306108020002,47.0
1406.1651466499413,4,3,39,3.770360672716083,83.52
933.8517031798343,5,2,1,9.220930960451117,67.34
1331.7418708938565,1,1,7,9.945265304469222,53.17
1362.9141933892922,4,1,47,19.29518123085557,79.93
1179.0890923113525,2,3,26,11.473924530692061,75.94
1435.4857153335963,1,2,21,4.938146165892682,71.82
1661.6203427258154,3,3,36,7.5321524746702,100.42
2254.474360484212,1,3,26,6.743746978531546,133.33
1569.8311251327357,1,3,28,38.949995118579636,77.15
1603.0201562891057,4,1,2,30.61240776982047,97.96
1470.221633693533,2,1,43,38.74269714551291,59.68
732.4915138803834,3,2,12,18.149878973808434,53.87
1489.3944498203132,5,2,44,11.856370784843607,80.67
1524.0920839764105,5,3,9,32.133434691158286,94.2
2485.2968449941145,1,3,35,13.723902803604725,124.66
1423.055614087551,4,3,8,12.675951574508582,88.41
1620.618936933445,4,2,26,10.067733696105417,89.95
1486.1152921179028,5,1,33,6.057480150745179,87.29
1032.5287849521872,3,1,0,11.002059379653872,77.83
1957.1291258060082,2,3,31,14.85747019048162,88.67
1800.7732130747097,3,3,24,27.285774117683488,103.84
1816.4127788172186,2,3,28,3.4400288465586115,105.51
1136.2450180821045,5,3,6,9.209770646948375,93.51
2061.1177243744396,2,2,48,32.55192197137538,82.02
939.2595748830877,4,1,2,6.7299550197670595,50.22
1734.7428375201082,1,3,19,14.36316071437834,94.43
2376.1822503239914,1,2,19,34.721697952467466,113.67
1103.7854699477248,5,3,29,7.042087134594263,85.52
1273.4809081588912,4,3,34,4.2267365891094055,70.8
1539.8605460350566,3,1,34,19.896981808120422,83.03
1298.6097383535202,4,3,48,12.79436093986292,81.44
879.734627573547,1,1,38,22.97292621487031,28.94
1527.425189922411,1,1,26,32.348390728855534,68.44
1075.078514509558,4,1,25,6.348791037956984,68.67
1689.4369722540725,4,2,13,23.647264297617113,89.96
1132.2303063064787,1,2,16,20.714841655204694,60.31
2119.973762007016,3,1,17,6.619072654514783,131.44
1186.698683065505,5,3,44,25.335940935630315,68.36
1371.1753935177298,5,1,28,11.671976296570094,67.25
1825.4068869478679,4,3,19,20.02553842321649,99.79
1007.6542734264178,5,1,26,4.2086206468054135,48.93
1590.9839738416517,1,3,17,18.923778231331298,93.97
2022.8571017129711,1,2,3,12.952075253669992,114.7
857.006706175509,4,3,0,33.07286723622882,56.91
1573.8535434129217,4,1,49,3.222170352897363,66.95
1603.9531176993694,4,2,0,17.32568372181487,92.67
1812.7291487109242,3,3,25,18.878825541126083,92.59
1005.2197156487672,5,3,44,29.27523697566563,58.97
971.8173547662894,4,3,19,23.39721542851823,63.73
1708.776626246759,2,3,22,27.02128115057306,100.95
1618.7938692932744,2,3,9,31.30492214041849,80.02
1600.1971401383507,1,2,10,34.62591597266936,61.54
1638.5792837987904,5,2,40,13.24114437217635,81.39
1227.9901113686037,4,2,40,21.982885509192215,64.57
1592.9014788644015,2,2,4,33.764215059128794,76.63
1617.2289893194725,5,1,0,39.5885941076372,94.06
1214.2594327894528,1,2,16,35.69125313070676,50.07
2246.309804457903,3,3,21,15.487223242350694,133.17
1689.533168364715,5,3,33,8.611494171527365,96.82
1023.4786011189406,5,2,44,20.08630895885696,54.77
1762.6214434535318,3,3,40,29.92401662160565,94.33
1110.1273319090715,5,2,28,20.210193759378605,63.59
1814.8338414969808,1,3,3,19.84405366923307,101.82
1963.4382316029617,1,1,4,33.69098642219022,97.78
1171.7270726593158,3,1,10,15.094747383620268,69.48
1885.3504516977287,4,2,20,34.53199231765418,90.56
1665.1123707745994,2,2,34,16.86538723711722,92.89
1828.824063997796,4,2,11,13.801091121455237,131.11
2258.717193061579,5,3,25,18.70560653678826,131.41
1401.8447535988519,2,2,18,30.73543138831987,59.21
1198.5055342570042,3,1,44,5.914079086695777,58.84
1144.1942281497907,3,3,6,8.660349419008678,86.11
1173.6758860138248,2,2,46,38.10634820086059,38.7
1469.1593162343584,1,3,6,7.844173467872937,81.42
1636.4607899266575,2,3,25,23.141365399311127,87.29
1610.6763197320076,5,2,39,23.593264199815575,100.89
1830.8732996144095,1,3,4,20.095354019959547,105.67
1505.2007567511628,3,1,20,26.145064694495925,85.59
2081.4136308629268,2,1,13,9.96324230610712,104.62
1394.1372667048176,4,3,3,22.55382844329318,94.76
2588.0676666358477,4,2,22,15.51475695462899,134.73
1750.2669391060026,5,3,41,26.805023125538373,105.53
1157.1369774334871,4,1,19,6.507718191552829,82.82
1071.643000775555,2,3,14,23.264219256739572,65.54
1692.9889660972742,2,3,49,8.225543859949624,77.91
1410.6148858696597,4,1,44,11.86707946148642,70.33
1785.6001976368368,2,3,28,9.529682212619745,112.29
1689.2950498294178,5,3,7,8.130673414883868,109.72
1470.8684349372509,1,2,40,33.202727110866014,69.08
1161.282512772638,5,2,47,12.142595138774723,70.01
894.0611101256542,5,1,18,37.15782749271352,51.01
1321.3940191731915,2,1,47,38.82713448846244,35.18
1842.559517729389,1,1,38,23.279158327546796,80.06
1585.6374976520815,2,2,45,6.57704378396333,76.22
1001.7044885152047,3,1,27,15.607381491803668,70.67
1569.272370340473,2,1,45,32.111558270580346,55.23
1654.1269518915346,2,1,26,15.328238419185748,103.66
1146.4570255195467,2,2,3,4.393671513808761,74.59
1561.4900423782112,1,3,14,22.71461152619933,83.44
1523.2834873784,2,1,34,33.959713208345356,59.45
1042.8118808677507,1,3,36,32.04112909859659,45.28
1643.1149441393134,4,1,0,7.829802465083777,107.54
1724.3138105472938,3,3,2,27.237819962086203,110.62
1933.2204972701109,1,2,46,9.599666273990238,76.6
1921.520820813961,4,2,23,9.510093847534717,124.09
948.9322528171635,1,1,26,35.08879915890222,38.13
1124.869984033951,1,3,39,10.737089156868976,57.5
1706.014106883464,3,2,35,11.266646514202437,86.71
1705.5143803648834,5,1,33,1.0254822396906826,90.49
1706.0190745224193,5,1,28,34.95609233089519,92.34
3041.0925962618885,1,2,23,31.911197715156256,146.15
1728.356204277267,2,2,23,25.465828468536444,71.72
1954.2262560722395,4,1,41,30.260364793614848,103.17
1881.600705397281,2,3,3,6.92989412955518,119.77
1760.5565005223193,2,3,2,18.874620188915443,93.27
1373.8923021438618,1,3,33,14.697556106602455,54.86
1803.587688197307,1,1,48,4.657284524023643,74.55
1190.8699141849713,1,2,22,19.95908892338204,55.99
1405.2725573039966,1,1,22,36.90884636336278,55.75
1305.8545808683587,5,2,44,2.5623056429770847,77.31
1532.749655754529,1,3,4,12.366975626257961,87.54
2425.8634266694035,5,3,30,9.094096512022436,126.88
753.0939229633008,5,2,40,10.287719492962156,37.04
1774.5040761498053,1,2,5,36.42894752329563,59.57
854.9136515241394,3,1,36,19.254693115137314,49.99
1311.2272536842265,4,3,9,19.18567710465293,85.36
1935.5802387869464,2,1,39,30.66245005575601,95.46
1525.712007638185,5,1,6,7.025195956192106,88.4
1068.9020888282776,4,1,38,20.00334880990198,55.49
1213.8785162960128,3,3,37,17.76942335072133,66.71
1771.8390995738703,2,1,20,24.279516931319588,80.69
1207.8533473131454,2,1,19,39.982750426767105,38.26
1586.58343583279,5,1,2,31.008506869199838,114.69
1518.2287359615254,1,1,21,16.516762417679658,84.55
1239.3598609576732,3,1,46,33.27456903868783,47.77
2357.57763573013,5,1,3,7.657626169186727,147.48
1753.5676089272044,3,3,27,2.188083766049445,95.37
689.9429653369572,1,1,11,8.97348652610665,25.45
1574.581725907771,1,2,37,14.276050688456127,88.92
1235.2854140926447,5,1,35,20.912649540922835,52.94
1840.9733339184895,1,1,46,24.99003648110679,71.3
1182.9917046269197,4,3,40,36.513622971362445,62.04
1454.1054234132405,2,3,4,20.88430637246785,100.35
1701.994911592183,5,2,12,20.549750140403447,114.1
1846.3020776680487,3,2,22,2.9594773830963033,86.9
1019.8814371776896,4,3,49,2.3615505535927284,59.66
1366.1995056636206,5,3,29,22.49523851473851,84.17
1310.0218755356175,1,1,36,18.088965916685435,51.39
1238.6683069705152,1,3,24,33.72803540423165,62.41
2206.1816961124387,1,2,47,7.266503803761962,86.24
1661.9926843843823,1,1,26,1.9738948225649344,76.02
995.646418265982,3,2,13,18.51251194927491,64.82
1867.1447788219104,4,1,47,10.261663713338042,101.27
2348.8624788050533,2,3,46,2.9349605602146607,118.66
1912.9861042204589,3,2,35,29.25933318705753,90.99
892.2520136183946,3,1,38,5.352126998332651,44.61
1306.3063708534994,2,1,15,24.724460500303096,72.3
2006.764459674649,2,3,21,11.960940256508676,107.69
1216.9322137524878,1,3,20,7.766345963845859,54.1
1677.5277712584914,3,3,20,15.81030939385338,82.8
1809.8536213717348,5,2,7,32.25638527269519,94.12
1129.2278113687669,2,1,48,16.291649499278336,59.93
1476.18985757528,2,3,15,30.280016319231173,85.8
300.0,4,2,30,5.8939655751668765,26.17
1090.244943466284,5,2,41,31.138085366938085,55.23
1398.972739442736,5,2,9,10.240399671359297,88.54
1000.8867272140602,2,3,31,27.41833206566604,59.35
2152.964521572654,1,3,33,23.065480638798856,120.57
927.9434488157469,4,1,8,37.23664397125581,48.97
1323.9822053212065,5,1,16,16.105578201037247,94.35
1552.2962309144366,2,3,10,3.5804423645431775,91.82
2076.509315626446,5,2,31,1.7470639364988632,119.78
925.6551395282243,4,2,9,33.24748387793737,73.75
1965.2655008619838,4,2,21,21.464689868795855,109.32
1504.093224407835,3,1,16,31.234518021563023,80.4
1107.3965395808195,2,2,3,10.142598400449073,69.61
1684.8413897053083,4,1,47,14.458266075016116,67.85
1579.623878229388,3,1,46,2.174051016241439,80.81
1259.9132491364821,3,2,24,38.498200658390374,57.22
1527.9208339960076,5,2,20,27.046848361331723,77.07
1345.874561255296,5,3,36,37.39499842261294,70.5
1545.4069381004992,3,3,37,11.354359889733821,77.81
1764.8522698084187,5,2,48,24.847080837800775,102.89
2134.406726458141,4,1,0,27.461498763412873,110.84
1004.8738004692605,1,1,24,13.38443831004595,36.73
2353.2133498625067,4,1,35,34.076260165609575,118.79
719.1648801909993,3,1,16,37.93929705310966,22.92
1439.2859619857666,3,1,40,35.50934959014417,56.72
1735.3268825938305,4,3,23,29.82361206163553,80.97
1612.396747094013,5,2,1,11.821122509273208,116.87
1250.9201920717624,5,3,39,11.983025642119637,74.34
1416.75109985709,3,1,14,38.57105249739548,71.51
1302.799626136467,2,1,31,1.401095341491989,74.48
1264.2540972223153,5,1,38,28.925948956443634,60.11
1839.84083880841,4,1,5,28.543600339655224,101.31
1642.806194386019,5,2,0,25.2848920970421,94.99
1222.8361618957383,4,1,46,39.614244997387765,43.27
1859.8399501733002,3,2,22,13.163297994785284,92.04
1622.9198083506437,5,1,38,14.25890268793668,84.74
1825.1448475355842,4,2,16,4.078636714915667,105.79
1751.851536769445,3,3,33,18.269127325205762,95.8
1168.401995631171,2,1,40,11.180892523159075,43.15
1275.927583921212,4,2,28,14.392081384928124,77.48
1798.9174420493048,2,3,8,33.54829981996948,100.53
1744.148106173386,2,1,12,37.483896027572335,79.48
1491.6393624143407,1,1,5,8.24358980820224,70.06
1546.9309533235128,5,1,5,15.527848330585169,99.54
2011.06595831537,4,2,19,37.21659192250037,105.76
1263.371444465668,2,2,2,3.4105299668796825,79.55
1718.8389524680151,1,3,16,4.602060596343762,107.86
1419.1229390264423,3,2,48,7.348848579042945,71.24
1412.9275187091118,4,2,11,24.213300530948114,78.59
1939.510740794876,2,1,47,6.868418569233901,80.21
1830.1665395952118,5,1,46,38.754978876578605,80.96
1825.4038544002553,1,1,44,18.421866563082293,61.52
2022.1915228617318,2,1,0,20.559200453656487,117.27
1508.4015366531037,5,1,16,10.619686016410853,71.5
1772.7811885179856,2,1,2,19.367449844954606,99.91
1375.8932973626177,4,1,25,26.81463167284345,65.07
1629.6665409953769,4,3,14,30.295908341207667,90.67
1447.9427782529262,4,3,35,30.40085522568661,69.3
1538.7983859970873,1,3,31,23.537753395069444,85.94
1738.0628101747654,4,3,31,36.27003122476043,92.79
1172.711726706611,5,1,3,32.87890604493826,83.48
2336.954910274184,2,3,17,30.52487647324639,132.9
1097.5930474001193,3,1,48,3.1686153455379644,54.36
1014.3245548849071,5,3,18,1.2682405265663232,65.18
1963.2443494000272,5,2,42,9.285443810623445,107.37
1816.6650775851745,4,3,34,26.877420162624638,90.75
1749.647926820862,1,3,39,17.036702066419288,75.74
1751.338203705712,2,1,13,16.69384411267316,89.41
1495.1012908612342,1,3,32,35.49888864095494,63.96
1141.0982514056673,2,2,13,35.92695107714171,61.2
1530.3218232774905,2,1,33,36.45783529808984,70.95
1229.1353153951554,1,1,3,13.241244984086064,62.94
1890.0478933671004,5,3,23,27.951176696831208,114.95
1441.1770473991446,2,1,28,11.593694069700415,64.89
1169.8011212829954,1,1,18,8.433783489903542,69.91
1371.4456633388027,2,1,5,8.2006658365474,71.46
1665.1725817102497,3,1,32,14.342197213680167,96.13
1274.51017887841,5,1,48,17.768347171413048,52.43
1171.1118417734274,4,1,39,33.40701767114766,52.13
1597.474884596765,2,2,18,5.675752645435772,83.66
1597.986628443489,3,3,0,29.662108048400874,97.79
1297.2227298515481,4,2,4,21.72674165338291,91.36
1311.5846777526708,4,1,26,12.229868364363707,62.02
1592.8199749430546,2,1,15,20.21996379678016,69.5
920.7662634010703,1,3,5,12.697740721303884,40.21
937.0144902493779,2,2,39,24.247196254293932,53.18
1212.6223114990257,3,3,12,17.919912991354522,77.43
1414.6211393152612,4,2,47,7.41181563407627,64.86
1624.3630262392019,2,1,34,5.546739907672172,74.52
2090.142486779821,1,3,18,22.321131600813075,116.43
1843.0638492808077,2,3,11,36.194108298158035,93.11
1436.0245880146292,5,1,15,14.414349775749736,86.11
1492.3935168389244,1,3,42,29.587004181682307,55.13
1098.9882541448765,3,2,9,26.68779284265091,54.09
1492.594745603044,4,2,24,37.33064165806976,91.66
1384.5365444319448,2,2,19,33.018259674666496,84.46
1629.0874241352358,1,2,30,23.097605097313057,63.67
1169.1076225790707,5,1,3,26.624189431130183,91.32
1707.738605696469,1,3,43,36.03707219677736,66.5
2113.095565201031,5,2,22,16.58123259889046,128.22
1456.495940617257,3,1,1,13.744993528453318,100.4
1660.6846888395767,4,3,21,1.4216322617726571,101.76
1776.057596684445,3,3,36,33.235491893467106,85.15
1339.5118112456655,2,1,7,32.23824731573123,75.51
1589.6369927241667,1,1,6,5.073726205905904,72.46
1505.0369603127178,5,2,13,23.49743786417531,105.47
1539.0704394195327,5,3,2,19.09528622850861,105.85
1190.7960864578135,1,3,49,5.629654724855347,46.47
1509.8040697035772,1,1,15,39.24216085536822,59.68
1699.19931649818,2,3,18,9.373139611070862,80.11
2080.4574431180167,3,2,17,3.6221330235318847,111.77
1883.7083304340827,5,3,15,24.199047800574473,112.29
2361.272983004623,2,1,7,29.815800408188274,108.71
1193.0609748447803,3,1,32,2.2652943958402916,63.72
1848.9282546882714,2,2,48,26.689987910353864,85.97
1573.3368022953407,5,2,11,21.759383162106722,96.6
2375.921173287069,1,3,10,5.027335346126888,133.92
1176.6806858579394,1,3,4,7.728431200908121,60.84
1164.1112631276897,3,1,26,23.15099759532714,68.89
1260.2429418223912,4,2,11,12.557946927018246,82.06
650.4417102760773,3,2,16,37.594313417401324,51.3
1289.6979913276955,4,2,5,32.930868949877976,102.75
1196.3469353785208,2,3,32,39.359121054032855,49.51
1560.157514590483,2,2,4,11.127162719066146,84.78
1636.7023903108638,5,1,27,38.81922167912111,84.93
2250.4683356863543,4,1,13,17.818120921870758,130.94
1880.16953527442,5,3,4,14.55323301723643,135.3
1269.2385377350388,1,3,32,2.9636315518047764,57.24
1140.6341314606568,4,2,49,3.0578450565245023,66.33
1696.7676686026023,3,3,47,27.988438981919533,80.28
971.9067171917432,1,1,40,18.85923078292709,41.12
2232.5835063417417,1,2,18,9.834343415408123,127.57
1971.7760482885149,3,1,21,24.944841946684072,98.3
1312.3297391581182,1,2,4,10.861466611754336,55.06
814.746188363649,4,3,1,23.52763841943248,69.72
2041.5489496661653,5,2,29,15.009141132324924,108.65
1454.184061898953,1,2,46,33.118536837860944,53.94
1995.1265247893848,4,1,38,33.00715026990439,105.52
862.2289364822532,2,1,3,19.61666552677365,52.0
1260.249990818491,4,2,32,14.681945264065607,70.79
1502.0974798872733,5,3,12,15.139832065804686,94.0
1518.7922375058968,4,3,19,32.4228665010605,58.61
1319.9738114083025,3,1,6,13.798999829106869,84.44
1749.1399729389996,5,3,14,9.153315574566994,110.58
1072.9518282469621,2,1,22,4.3028453331369665,71.69
1443.0482059914825,3,3,13,19.20103171449193,89.17
1548.1182526847595,4,2,22,19.803151857873832,83.25
1705.7755336234995,5,1,18,33.79543970571338,106.62
1784.645951235556,2,1,28,9.628309161396494,99.66
1050.1431632648523,3,2,19,15.858659673067596,58.96
886.3543317057511,2,1,28,32.527823816853946,48.3
2011.0707287594037,4,3,23,33.12132081920997,104.86
1632.9256047918366,2,3,17,15.99983196317196,90.64
1200.6053853773785,1,1,9,18.905836908180554,64.47
2120.4607902090092,3,3,40,12.828149743122035,118.02
1546.2698537171434,2,1,7,37.36964025835317,82.52
1971.7188736255307,4,2,25,5.627106863921632,109.57
1527.0073925640436,4,1,28,37.41622749705733,87.86
2324.2991699527947,2,2,9,27.670791621578385,119.07
2202.1363369772816,4,3,16,21.731313954782518,120.5
1400.4143406083706,5,2,1,2.273703370595339,94.4
1888.628380381742,5,3,5,19.548251481058323,139.97
1758.150379834059,5,1,4,16.90217609510656,101.82
2047.4526230129395,1,3,27,7.28753366702978,116.3
1114.0306157679584,2,1,40,26.599974536525618,33.37
1774.4205839993756,1,1,4,38.87488538736314,88.34
1923.369794739835,4,2,17,22.92536363151648,111.46
796.5042054307543,1,2,25,28.875377781313887,48.37
1026.69659493369,4,2,19,3.6695676500746544,62.09
684.3071288959597,4,2,40,17.289012836862796,29.72
1392.237266222177,3,3,48,5.537980921415339,71.59
1787.0169023183848,5,3,26,24.899037585923907,122.13
2100.942820838411,4,3,48,37.60080417035203,94.73
1529.6379121679101,3,1,11,26.8093315663939,56.15
2151.446218228517,5,3,6,3.9953188842624394,138.57
947.9594167140434,4,3,2,14.83198199441823,80.64
818.6470242579381,4,3,9,22.47587179819321,49.45
1477.7809204413525,1,2,33,16.725102489196836,75.15
1653.626179575723,1,3,24,33.512116408531725,66.67
1486.9221007623628,5,1,34,32.772169183689584,77.45
673.0231599840494,4,2,15,24.861409784025636,53.72
1464.3519841948846,2,1,1,15.564859860175504,69.27
978.2121997980587,1,3,23,10.958118576766521,52.24
1767.8690195320155,5,2,9,5.129098410312043,126.4
1646.6392984387394,4,1,37,14.841009655975608,90.82
1124.048085469058,4,3,21,17.113728171101062,64.46
1294.4532330653226,2,1,25,27.35709407905887,74.7
1076.3145912444193,5,1,42,26.668233147605367,63.6
1474.9283610907312,4,1,38,3.734217446009021,61.82
1882.0569282004953,1,3,26,16.415113301815154,101.42
1105.7095814657825,2,3,28,8.089375821477114,54.94
1701.6186062071379,5,1,46,7.115695507355422,94.51
1287.8969526510236,2,2,37,33.26478383975259,65.7
1182.8508670950623,1,2,19,2.6346934519340435,56.26
1457.187856018177,5,3,26,17.348132160182733,74.8
1085.9030710322504,2,3,40,7.559942574894209,70.08
1278.5402778611272,3,3,19,35.29387841146049,81.38
1020.8488429644606,1,3,43,22.72458001772637,40.15
2285.890053166556,1,3,18,10.023844818697073,126.62
1514.1054207886914,1,2,19,20.59466419948868,69.23
1220.1097968029658,3,3,34,29.527968028421515,63.52
1585.5919642936888,3,1,46,38.36660234785792,65.93
1455.0687801236681,4,1,1,9.59739416557134,89.18
1411.6121601867108,2,2,29,35.56108911304446,67.91
1745.66668001737,4,1,33,37.43786045253212,73.77
1803.003084018922,2,2,21,36.740401236750586,84.21
1287.799540955789,3,2,2,25.781159917614485,80.0
1269.672703742128,3,1,5,25.5630055229536,90.2
1389.9793211393423,4,3,14,16.72521469416909,76.21
579.2315341057661,5,1,26,30.343517409847728,42.66
893.9235751205791,4,1,9,21.720466715686346,63.88
2046.7497069778099,2,2,8,27.420084777903483,88.14
2157.9870854005135,4,1,32,17.70985825010302,116.89
1400.3855841774487,1,2,31,29.52836209768242,68.56
1730.6227852223064,2,3,47,33.15438918657741,82.67
1624.5000618174145,2,3,5,6.711014007509829,95.37
2731.552323382095,5,3,40,33.484258907394896,147.86
1947.8299645738307,3,1,35,22.071564739821984,96.47
1448.8329634076933,2,2,1,33.941970454518746,60.96
1117.7838237598298,3,3,28,17.82076654729957,65.28
857.421471896971,4,2,3,15.782578929938365,59.27
1581.3854543468892,1,2,0,36.68736856817168,72.01
1197.4597018862787,5,3,18,10.79560143438765,108.28
931.0985161609303,3,3,25,33.924280686159584,62.9
1241.3708463029893,2,2,24,19.87680232786676,51.0
1067.3807985542421,3,3,9,21.04972225949913,70.92
2174.856654029026,2,2,14,13.030262978089876,129.81
1852.6559027797803,3,2,21,23.348645824141613,83.27
1496.810943473353,2,3,47,13.68323665477224,71.71
2091.97765555601,4,1,20,2.53150715542444,120.08
1530.9473230590472,2,3,21,11.607945608429885,70.92
1155.4863194686945,2,1,35,1.2487826928570365,60.2
2109.249630907863,1,2,33,39.15583669521741,102.68
1715.5640174738635,2,2,29,38.664141182970155,93.66
1085.1015382694175,1,1,24,16.411056601419897,45.24
1423.8645287665568,5,2,44,29.406463319246193,100.79
1149.752698646097,1,1,27,14.486437838006575,29.76
946.8801076142656,4,1,0,27.172633126353066,65.75
1870.4710190126566,1,2,48,32.41177167879319,61.48
2263.7666561880524,5,1,44,37.92349354299739,113.11
940.5729704723435,4,3,3,16.60827875813721,64.63
1725.1876946762284,3,3,6,31.54862133528586,103.46
1239.7429723512691,3,2,48,11.371209574652633,59.11
1305.1498464941217,1,2,8,39.62295984795229,52.91
1263.0424303044524,1,1,35,2.0050143518096943,48.95
1154.4036921280735,5,1,18,24.537623453543716,90.48
1519.4086511779308,5,1,0,26.720733284401756,100.39
1167.6199534355849,2,1,9,27.833776725891024,42.41
1608.1827303119355,5,3,35,5.695115572774472,104.21
1479.9047562203452,2,3,8,37.60266155545209,76.57
1404.4207812534362,4,2,44,8.06614788295323,76.25
1136.9745351833608,1,1,45,25.2873827263538,47.46
1269.291467772667,4,1,41,9.684367085800313,78.99
1802.1564903303024,5,2,31,12.981440263829565,96.23
1700.3668750497523,4,1,31,22.31188312739685,88.63
1108.9779020805795,4,1,5,17.270543324018483,65.81
1539.7329221716905,4,1,47,7.248798438083745,84.98
1800.5548493487156,5,1,37,7.666519694413084,98.6
832.2378875514513,4,1,16,17.307646738349188,53.31
1717.344076951974,2,2,9,30.534036152744527,86.4
1234.9504964216612,5,1,49,36.02062122706376,58.28
1728.2394674372638,4,2,26,4.280978828115931,117.77
1194.6963373829933,5,1,49,16.33105239481664,87.14
778.0471597341924,3,3,34,4.909576985192189,51.6
848.9830248467349,2,3,20,1.6471067446713175,51.96
1519.2339786645528,4,3,24,26.80702862311431,71.36
1603.8890006885927,3,3,27,24.495528236696924,78.44
1138.2733499582366,3,2,46,7.357745438780562,56.04
1755.4369835109496,5,2,14,10.1187004906295,102.99
835.391975092416,3,1,3,1.924602392136217,51.89
1473.5680805410734,2,3,28,33.562941022081745,87.16
1015.5935200950173,2,2,8,39.01293324589351,52.16
1239.2655568791363,1,1,26,6.282921934992942,58.86
1518.9594685265656,2,1,25,10.027533336846627,69.2
1155.8346538864191,3,2,18,34.86797143393043,72.91
1346.17778230807,2,3,27,37.13208812029121,62.24
1902.5171236857761,5,1,16,17.365467929465602,106.31
1269.2432521907406,1,3,42,2.974276418493891,43.96
1834.2768448260567,3,3,40,2.5362815140199566,98.34
1048.1172581369528,1,3,41,23.384044776691407,37.47
1711.9216711661131,3,1,49,16.32290924683398,95.95
2076.62744826316,5,3,19,2.1174446755285263,148.04
511.34219994908426,1,1,44,23.746843300189713,-3.51
1181.2418978118094,4,3,39,1.4407989269718764,60.81
1730.828850872216,3,1,38,31.707506367821647,77.07
1418.7818455828028,4,3,48,12.950880085431491,68.69
1648.4583493485236,1,2,22,2.570062117360052,86.03
1258.4059253136718,4,3,46,23.94573661834298,63.07
1534.63591498916,4,3,31,16.50969216288913,91.18
1437.729105843168,1,1,46,38.97821612092883,59.95
1967.112824663923,5,1,32,22.223747837644385,96.25
1601.7683373204852,4,3,45,11.734328060443323,97.52
1635.0410648300808,4,2,4,28.668115720725016,90.27
1335.249213551013,5,2,42,11.588188099165741,98.97
1304.9575103710026,4,1,47,36.26548836489504,74.78
1326.9767248721516,4,2,33,15.614156849787681,73.33
1657.7808569513188,4,3,39,22.444873948272004,79.92
1331.606207671895,2,1,10,2.9723510491449256,63.14
1615.9099427585652,5,3,49,17.618728280137,98.65
2330.1603194581758,4,1,2,33.4621780467788,128.37
1848.4498813726768,5,1,32,32.42030340917034,107.17
1369.5905871328634,3,1,10,9.748423795287524,101.6
1980.485568865578,3,1,15,9.817083769411944,100.38
1336.7698507913794,4,2,17,32.874907176316235,63.87
684.7501859288584,5,3,29,37.2855383866037,47.38
1096.7654756330385,5,3,47,4.719075929647138,80.07
751.6832315896577,5,3,9,18.552286937622785,53.01
1359.3946063834765,2,1,17,14.16071687960493,70.27
1507.3673516758206,3,2,37,34.956849762840136,84.78
2170.574924910113,5,3,18,4.257471672520732,117.72
1630.7709495056652,5,2,35,9.233911759763458,98.12
1412.3597884764542,2,1,12,30.34626516587328,64.31
1831.7622324733957,2,3,45,3.000460110267408,92.93
615.545876396846,5,2,2,20.208879847857283,62.01
1594.2458232434265,1,1,9,18.242174352509082,80.85
1808.3460775547867,5,2,37,14.041645980561198,92.3
908.5655016880634,5,3,0,16.388320297438028,69.5
1957.5016172827716,2,3,26,21.667682890279085,114.24
1635.3985629977656,2,1,45,7.293326977146942,77.87
1333.8848344396795,5,1,7,23.307839253060116,93.31
1753.112746442514,5,1,45,32.41186084269947,90.44
2408.2771431217584,5,2,41,30.6462762618162,133.91
1572.746502023398,2,2,16,7.002096283057174,82.18
1599.2882345201344,5,2,8,6.820729319917483,98.04
1316.2556401839024,5,1,5,11.45880034205162,96.01
1160.0622522140834,4,3,42,15.081914327300451,76.95
1832.1343266176982,1,3,24,16.929767674930822,81.78
1157.5664696364531,3,2,38,27.508191456500466,49.67
1528.626494887757,1,2,48,3.2105368544675805,65.64
1308.9370212939534,4,3,27,2.352235464816589,99.14
1691.5919302985567,3,3,32,16.28451195481245,96.53
1633.4648421147792,5,2,36,28.189383993381238,76.58
1915.0159777031597,4,2,8,8.543978375302821,115.06
1295.9934404581013,5,3,17,26.018674768993815,81.74
1392.0500258826514,2,1,20,11.13329737967168,59.53
1108.494513687077,4,2,1,35.55735824372714,69.31
1322.2826959695553,2,3,42,35.931907826398046,54.63
1650.9201972179408,4,3,37,12.594200966971734,89.35
1802.7954466581407,4,3,39,9.96975640456638,96.48
1131.1338703289498,2,3,35,17.04085491058302,71.16
1847.842368042264,3,1,49,10.3807318220258,84.04
2042.2551435219802,1,3,42,27.222969888376443,91.64
1665.3739612894803,5,2,36,33.216522697383134,89.32
2250.7183250232265,4,1,14,27.25059310553746,116.71
1190.4843203585708,5,3,27,33.14966744272463,73.57
1002.1381186754331,2,1,17,16.48269432609149,52.02
788.5119004382885,5,2,33,7.096361857645573,55.89
2098.4177245956735,2,3,21,29.780086948506092,97.99
1761.746262541623,5,2,10,15.058505700520602,108.51
1477.766131635818,1,3,12,27.179562183936167,82.54
1611.987450527928,1,3,3,11.555113737288861,88.13
1049.8043810806494,1,3,21,4.167955757460234,58.46
2478.3007918467306,1,3,6,39.710690024022774,125.27
1551.688472790091,1,3,42,7.091858809293372,76.83
1543.7579178419571,1,1,23,39.54841876457576,69.71
1790.3066495594767,2,3,3,39.11391737009144,93.84
1692.4036926946853,4,3,27,31.958906052413546,84.12
1589.5536097116526,5,1,14,26.717495521197904,81.68
1183.8102178218753,1,1,0,23.534474959792302,70.31
1688.5873428543982,2,1,2,34.77796026973555,93.9
2252.8097985900135,2,1,13,12.28814134316003,123.25
2038.168018461991,2,1,37,19.239567286910205,102.45
2137.2746506557587,4,1,49,25.156208805293574,101.1
1295.513729427526,5,3,0,17.036428558910153,87.42
1104.1580718965677,4,3,37,17.671971709520452,54.3
1449.6852319601408,3,2,37,13.881102032581293,63.63
1522.2899649154779,2,3,20,23.005040850696904,92.33
1937.6766073883794,3,3,47,34.172406592589525,86.9
823.0141481140722,1,1,28,8.8596067422462,45.84
2111.8201277842454,1,1,4,37.44288851138422,98.89
1436.7968405684041,4,3,48,27.874418496180958,66.52
1329.247572021032,5,2,9,33.10765529452118,72.99
1095.158249895933,3,1,27,22.691437012570454,49.27
838.0573312536923,5,3,20,31.401151355538477,72.66
1829.2682335847658,4,3,49,1.6318154962392213,89.53
1529.3271868753616,1,2,6,32.91683656640187,96.36
984.0156401035784,5,2,2,2.565415504329294,70.23
981.9684911745536,5,1,44,35.706621678151635,56.29
1365.6861202839486,1,2,46,39.68654714230709,47.53
2167.608610115757,3,3,19,12.468631024894336,117.83
1396.163459454558,1,3,18,9.202423695145953,61.13
898.7428187527576,5,2,34,30.849171190463586,52.1
1401.7027743656222,3,2,3,10.868027295889876,75.04
1390.9105721009319,3,2,4,34.75693294371594,61.7
421.2453428233714,1,2,0,5.010861094141592,31.75
1478.282053392875,5,1,3,5.912252658794972,92.59
1407.6261879165288,4,2,11,39.186910648924005,97.07
1778.4825459253673,5,1,26,27.279717032530183,108.34
2239.582437978138,2,3,41,34.02860175272916,121.34
1950.626011819103,4,2,22,13.648845716709202,103.83
1392.4445237780678,3,1,24,27.382866231303574,71.17
1057.389636503332,4,2,20,24.17543126503529,37.41
2529.343921299944,3,3,23,24.522854684794932,131.09
1523.6873736057953,3,3,24,27.618765921971143,83.28
1505.5717167651785,4,3,44,23.439007752034843,81.19
1490.3499651559987,3,2,45,17.73343240280397,71.77
1579.233904307142,3,2,31,11.760985080841326,84.7
1442.255835230423,2,1,31,30.97467190561488,36.29
1270.5351972479054,5,3,4,9.824624770124261,95.54
1281.256423503843,5,2,35,28.001817940022153,77.5
1486.8986919136007,2,3,45,10.09998008332374,85.7
1282.630091546494,4,3,41,25.3878766282237,72.8
1214.8616869291343,1,1,48,30.13605241803213,39.19
1542.5720910767586,1,1,41,9.52984166735503,76.92
1398.009113031658,1,1,38,3.337788733591023,38.13
2101.5971954330753,2,1,15,6.1079759767727895,105.1
439.6120766427953,2,3,32,24.633881723569992,13.13
1936.6027407689846,3,1,48,34.128409842803684,85.05
1998.4340769990517,1,1,20,2.7548760281815503,77.11
670.6439070367402,4,1,8,29.631899102624203,57.64
1362.9249623678604,4,1,5,14.311427192052033,82.35
1351.4236536016833,1,3,44,19.662606426861377,61.26
936.9953221128715,1,1,34,37.225522443977056,32.31
1188.8733249636498,1,3,38,13.946888684697972,66.68
1055.7696618136686,2,2,21,19.148140423639955,36.02
2200.908177369449,2,3,40,1.533614175666563,113.71
1874.2713572589844,2,3,4,4.182350080188696,121.32
2008.6220379976635,5,1,41,11.085072054256576,107.73
1788.668825617294,4,2,22,2.0862373920219017,96.49
1048.3792915131085,4,2,16,25.623637715881788,58.29
1290.1918934880905,3,2,11,17.62953591526328,71.89
1695.7498244911671,2,2,22,22.37766290639286,78.06
1011.1488764432219,5,3,15,7.811240249956852,74.69
1785.1993720689552,5,2,2,12.54134914802803,130.78
1403.869840736746,4,3,29,26.88915451925628,73.55
1350.071676980161,2,3,21,38.64680622158559,61.63
1784.3839872813965,3,3,8,2.9662541704861587,113.73
1677.705324594416,2,2,28,35.72498851335538,76.22
1355.613533672368,1,1,46,23.49836685113713,37.04
1963.7319213456992,2,1,36,22.992863103469325,89.28
1067.574668960041,1,2,22,20.510862873102653,48.44
1746.3742427777056,1,1,12,3.7063693502631523,99.16
1737.2405031873536,3,1,31,4.505197217710267,81.39
1376.181424274404,4,3,45,24.435568220704358,82.3
1630.4532088968472,2,3,46,14.297384285986773,76.86
999.5545694458788,1,2,47,36.77345459652955,20.07
1869.6108076827604,2,2,22,16.85703095701942,82.54
1426.0391454228043,4,1,44,6.587976889403002,94.07
1290.9107917923843,4,3,16,28.874034506579406,76.88
1919.6036903347558,5,2,39,12.440783436199384,117.01
1218.2625237828963,4,2,20,21.493341986879834,55.38
936.6154814545762,3,2,1,28.215478634701633,85.34
877.3483305904385,1,2,36,36.11030033688075,38.57
1742.4039805382558,5,2,5,31.89545659726537,104.0
987.8282590014868,3,2,43,27.37808164703624,41.92
2201.9176727937456,2,1,17,27.5056941134106,115.39
667.2282368465112,1,3,29,37.891061117251375,31.17
2178.5825473160153,4,3,21,12.537139802364905,127.59
1584.4069868810473,1,2,32,1.043371673651309,77.22
1461.314755251843,2,3,29,11.60622781652975,82.59
1282.03236527642,5,3,16,9.497763805443016,71.44
1659.6544457408284,5,3,42,26.811548819445928,88.43
1484.9461190300606,5,2,31,25.714752390855633,68.66
1941.3207528066087,4,2,41,24.14499392548423,105.47
1545.691059464816,3,3,13,1.6334942851686942,88.84
1560.1207045847511,3,3,9,29.42234412357525,73.86
1354.5551151144577,1,2,46,13.61768608693417,48.3
1477.221750511573,4,1,35,26.93718357125861,76.27
1623.1207075568236,5,3,33,22.70655871158398,93.09
815.9326429373498,5,1,8,14.366506091688379,49.56
960.7258311577148,2,3,41,6.248474417060202,31.71
1797.305637609086,2,1,27,4.682337008758757,91.4
1568.3461752511766,5,1,10,33.42921499137672,86.58
1426.4066654589283,5,1,13,36.81750414118076,80.49
1507.3735732261573,4,2,38,26.341733823807683,76.67
1639.0326821446683,3,1,46,5.033930479558851,84.34
1284.0961278762554,2,1,18,16.67906145864139,73.47
1188.678109839075,3,1,14,29.42862880410113,64.47
1578.3381020390725,4,3,27,31.413014476392657,84.49
1108.6508889539873,5,1,23,5.610526269352455,72.8
1663.3011022857888,3,3,7,1.001198034969914,100.67
818.9665583048638,5,1,42,28.773344789343597,27.09
1911.6622549302574,5,1,8,14.90725086346202,126.83
1689.0389929652172,1,2,46,10.92477193311215,82.81
1602.4118937255503,3,3,32,1.5030013217914922,110.75
1893.0763935782056,3,1,32,22.07167686369849,116.04
2166.189777785031,5,3,18,34.19487868161329,113.09
1905.748026007252,4,3,2,38.34763420463093,108.63
763.6503074673419,1,2,9,23.06405307391828,63.78
988.1692133057194,5,2,39,21.063991781855872,58.08
1250.0725689217284,2,2,46,4.317199034080403,61.25
1510.4364200843336,2,2,41,22.40603926016139,53.19
1707.0636081876492,1,2,0,15.819184079650391,93.11
1209.7024747386138,4,2,28,24.6782759544595,87.2
1574.7067057908314,5,2,49,16.16032756718532,98.15
1197.846827058671,3,2,33,10.371665814564302,58.48
1255.3928788032208,1,1,12,4.703645733906684,60.6
937.3355612607111,4,3,0,13.281819338966933,60.57
1130.7067015556383,3,2,33,4.769148537222339,54.39
959.3261577534665,2,2,28,7.898981082135373,31.29
1109.6506988090669,2,3,47,39.50611018460229,42.98
1921.456718643136,3,1,46,18.320038719358127,105.28
1120.240444467223,1,3,12,21.742998893695646,62.24
2552.9528259349563,2,3,47,35.071122620751396,130.99
1697.3271603523558,5,2,48,39.82718711913682,95.45
1573.9344494779496,3,3,28,23.72586352444258,78.91
1156.6568879275146,3,3,38,32.68647902072269,49.23
1780.1239517635966,2,2,23,13.750699949130336,84.47
1269.7448695048904,1,2,25,12.924014340444353,43.44
1548.8039258581446,5,2,16,16.70544511878785,97.35
2524.033815307518,1,2,6,27.227783244272317,97.59
1461.57604011014,4,3,12,27.605475880948852,94.91
1959.7093305142703,4,3,4,13.29433795132858,122.12
1218.729429949645,2,1,25,6.195187041328519,66.79
1486.0046038012154,2,1,48,25.663454002154833,70.97
2208.320254254204,2,3,2,6.0047086253618165,128.8
1249.213176884893,4,1,6,23.561207820943874,92.31
2224.9794231987717,1,3,48,28.04346299419605,103.86
1783.1007741821902,1,1,38,28.323848359383614,65.89
1275.0132896422929,2,2,0,30.385412315724274,68.26
1752.9630956222084,5,1,48,35.04151744106092,63.32
1889.021779850692,1,2,16,20.49840068662675,83.88
1748.7239848868785,4,2,42,29.479718391653275,83.98
871.9101120438174,3,2,24,25.14773667926763,52.91
1209.1451296700525,3,2,2,8.27895765210962,70.67
1400.9925457793981,3,1,14,2.0018961499069183,69.39
1470.2266283599815,5,3,28,12.097114041400417,73.81
1748.2688390202711,2,2,42,18.278314547167156,75.17
1571.0804003733015,4,1,31,25.067131832717596,101.14
965.8622565159595,5,2,25,34.14841388962501,61.76
1652.0791404023853,4,1,15,8.65358295154046,106.4
1744.2342981135293,4,1,24,5.896441806040607,89.84
1723.916179172416,2,1,27,38.575717951498774,61.09
1932.3122902218488,3,3,8,5.2137378156798775,103.64
1833.5688618195616,2,1,0,19.66115173418038,97.81
1683.6720316913747,5,1,28,23.836985422938774,73.89
1471.9337154165412,5,3,21,22.11360241539009,82.5
835.6156265936035,5,3,15,4.355254124284785,62.61
1671.8472876530343,2,1,40,3.224049646141155,66.42
1583.0750748652445,4,3,43,5.113853670980391,68.18
1608.6315348781493,4,2,40,23.837919671031887,86.18
989.3005696718762,1,2,6,22.22945061773852,51.85
1067.577383836695,5,3,13,10.115890889433025,86.93
1921.2611413331615,4,3,28,25.873191531978073,95.0
1484.177938457338,1,1,18,32.982632580170325,72.71
1772.6002789490499,4,3,18,2.621579434017157,124.94
1511.3273504521844,5,1,1,20.427067798373653,99.66
1511.902455798298,3,2,40,27.88310607200492,66.13
1875.3135223903992,5,3,44,10.840165155717797,108.36
1293.5821087130505,2,1,14,13.003065306432815,61.6
1538.4483107763933,4,1,2,24.931878216585968,83.4
1315.0898845179831,4,2,10,36.01947644430574,83.78
1326.2015090270738,2,3,45,32.587052391813074,56.14
1376.3311506125442,2,2,29,23.742078544883757,78.14
1588.853508653485,3,1,39,29.47864699253272,68.57
1308.500551334609,4,1,17,15.228076338104149,73.64
2002.3024502294084,4,3,47,25.99765559585155,96.85
1142.1570791121985,3,1,1,19.181082053974723,57.75
1425.2513423354565,1,3,31,8.407509321844875,78.48
1324.10757669033,3,2,7,28.36779268121303,97.75
2078.791153741493,5,3,21,22.702120856604058,118.91
1578.6219106046299,4,3,5,14.986241696190064,94.63
1912.7378157874539,2,1,11,36.542228413066596,85.82
905.7758507852112,5,1,46,1.8164305952425974,47.55
1606.8201063477036,4,3,39,13.315152898730345,106.24
1855.8523182493748,3,1,35,3.218374513328216,88.64
1532.9135957101696,5,1,14,30.89456533264346,83.92
1926.1921500261406,4,1,27,28.38219071043791,87.59
1293.0846199598511,1,3,48,13.922736530716364,58.21
2063.7389760742317,1,1,44,27.35085318607585,84.71
2419.5592494477,2,3,17,16.441551821642044,116.87
1354.8645758241364,4,1,1,30.49389786547494,72.27
1321.7989914396912,1,2,12,18.713162846731535,82.01
2081.3537908470803,3,1,44,17.078909385434958,99.67
2131.828858292285,4,1,14,37.45446670404374,113.77
1290.8559891386926,3,3,19,10.78428489573731,78.76
1331.925273161657,3,3,28,5.697446259866052,91.63
1387.286156455797,1,1,41,23.797181417118868,43.37
962.2197955862891,4,2,28,38.803550679082974,47.31
1132.5392214063208,5,1,2,15.73572933536028,77.42
1098.3436932991729,1,1,18,3.4194337815224793,37.48
1192.8809739583487,1,2,2,14.232905425073131,56.41
1486.1260450452876,4,3,13,20.73133451846278,102.35
1593.6858930146084,4,1,39,7.3149972586563345,92.49
2120.200197125631,3,3,3,26.66598650420319,130.18
1100.6583837044836,4,3,10,39.912226171397826,62.17
1893.7289593906335,3,2,30,18.61783956327631,93.44
1414.4044623097964,1,2,42,14.834413712478293,42.59
1480.2145161390267,2,3,31,16.627462506544198,84.94
1769.9277968666415,5,1,26,5.4907009574128445,115.42
1050.9111913750805,1,3,29,35.44767045562273,55.15
1652.9638984736202,4,1,42,17.178200565332727,99.74
1566.5808832852224,5,1,1,16.10370204556881,105.32
1696.9805056032596,2,2,48,26.7279206442885,89.2
1615.6674575631273,2,1,8,18.239303416313817,83.11
2482.1200559643576,3,1,27,26.281105283505998,105.75
1244.9040062994736,5,3,30,3.3964053151007128,91.83
1287.6012179992729,3,2,33,32.73521040516687,44.32
1250.7437894300942,1,1,14,37.6796541622967,55.34
1277.809152335898,5,1,47,26.30185006021605,74.75
1245.045149077393,1,2,24,38.22807122549362,55.43
1975.6066124430208,3,3,35,6.905860260428568,129.49
2068.2016991959417,5,2,7,19.619231389733795,106.07
1271.7014825002095,3,2,8,24.470462623872443,73.22
1167.0577707583084,5,1,36,23.68772924942628,65.02
1688.5662225545616,3,1,47,16.657009384472687,65.19
1279.1107822876115,2,3,44,14.185291965284193,49.56
1753.1727271022044,3,1,38,5.946136879466334,80.22
1581.1692083405198,2,1,31,16.27795557192885,63.78
893.7023540011072,3,2,16,7.34377178911392,56.0
2119.0020805320246,5,1,34,29.640261383196517,105.43
2218.3510692382088,5,3,36,9.144406484289009,130.95
1254.8845238062454,5,2,18,3.2840469060968203,92.05
1344.9193760256064,4,3,43,22.542279374872138,78.1
1614.346156289962,1,2,28,24.213959576056663,69.15
1633.78271599481,5,1,6,35.004609389939716,99.63
1763.4177090691321,2,2,27,23.502282884289592,96.67
2304.08181550654,5,2,8,14.473753295214383,143.12
1429.2211090023802,4,1,27,32.3174633795265,92.56
1180.6811021846186,2,1,5,22.07087683430942,73.23
948.2723087941891,4,3,28,4.091931100616478,81.17
1207.6279840232323,2,3,16,23.06817185221662,41.14
1486.7492108504812,3,1,15,36.41272327144483,76.38
2217.823145407115,1,1,22,16.4561923944306,101.91
1292.9554803855315,1,1,30,12.556706274092203,55.63
1589.5151806555593,4,2,2,6.595308823702782,94.65
1493.4308415708992,1,2,20,6.906375355478936,79.56
1975.3573093792336,4,2,25,17.878087889330935,91.32
2510.7729703494488,4,1,35,24.23151314229965,131.3
1287.6524908318718,4,3,41,4.144000801614468,68.02
1304.224222992711,1,1,36,37.643174971981466,42.51
1917.6643508276288,4,2,21,30.450211080362642,108.73
1772.7565958505245,1,2,41,23.878332813062844,76.86
2238.6829302944134,4,1,11,33.30910816662064,131.08
1733.5712741303855,5,1,41,4.127283515672419,87.35
1356.283163685176,4,2,12,19.596716231591852,82.33
1736.2619322769237,2,2,10,25.573631947604873,100.03
1943.481432233163,4,2,15,33.31746333861328,110.79
1828.1928724789457,3,1,7,31.55531284192144,101.4
1702.909612442919,4,2,39,11.805700738822585,103.08
1926.6698758356615,2,2,39,37.694326612808965,81.36
1967.718236178269,2,3,44,5.849487815803943,91.86
2052.8635964150108,1,1,1,35.130211126224935,105.46
1759.483955035857,5,3,29,38.86666973458012,97.22
1433.1527678732582,4,3,29,7.908987405682397,97.91
1558.6854745733292,1,2,11,29.160576503947624,79.48
1982.6035866033426,5,1,9,2.5711352323419403,116.53
1173.2257316051055,4,2,43,16.811490180427043,65.8
1647.4693235491604,3,1,10,21.135048668709288,81.01
1342.6644750690557,4,3,14,23.64516381047573,92.91
1511.497929173927,2,1,15,37.50155268169382,57.35
2011.3807450429194,2,2,16,27.217776804473594,114.22
1576.4396272079614,3,2,25,19.769840097550244,87.1
1518.5746192624595,1,2,1,32.57732641436968,75.11
956.0575436080323,5,1,49,38.07078001722195,52.41
1798.5014264108881,4,3,11,1.8605797986093429,119.08
1758.1936724564302,2,3,25,39.31832961798551,98.42
2365.3018893221843,1,1,22,4.359153423483534,129.37
1376.8887060187997,3,2,17,32.76108439148169,76.74
1587.6601310655756,2,3,31,11.933055349505088,73.69
1599.753473484302,3,2,48,6.155006652400998,74.53
2130.9813119053897,4,1,37,18.154369948839562,108.59
1461.8817870452192,5,2,46,26.114306598456928,88.68
1611.6086103081357,2,3,2,15.857121955915526,89.46
1743.1586038866158,2,3,37,3.1280509230252593,86.69
1574.6436492625432,4,2,2,24.378984446689948,115.1
1321.4265541797886,1,1,29,36.193727768316315,50.57
1577.635997159323,5,2,0,15.945399271942817,98.75
1929.4526999439088,2,1,29,9.436978327602255,102.81
1089.393880235576,5,2,44,18.2605164913798,61.83
1553.1878696587505,2,3,31,2.886145730902454,69.5
1219.9516740243307,5,1,27,32.99901579473072,78.71
1978.018651569937,3,1,20,33.227291627057284,91.46
890.7252380864901,2,1,45,23.932018073755508,32.79
1276.4312610913646,5,3,12,14.771012668597189,87.91
1650.8847500258084,1,2,26,32.19155121338555,75.79
2126.2096116937364,3,3,35,22.63279396674632,87.61
1473.699895570805,3,1,6,33.21136003345063,75.97
1277.9201893227207,1,2,21,25.626892910737805,70.06
2252.462827776236,5,3,9,31.591813455299096,146.2
920.7944398335025,4,1,38,24.34395673549264,36.62
620.4776173519672,1,1,14,17.151501660410982,37.48
1676.005780021333,5,3,14,38.35988853711937,93.08
1299.1783102589557,1,3,3,22.103439170274946,67.38
1091.5068731477147,1,3,31,24.598491223081,45.58
1783.3425789197413,2,1,22,9.599017937175221,91.58
1597.5202855084794,5,3,5,25.40038078766378,114.27
1274.3685477053086,4,1,23,23.29269832983481,73.18
987.8782405316423,2,3,19,8.208697519933974,57.07
1848.9829313120579,1,1,36,3.3238967967726047,94.73
1760.0804711834644,1,1,19,24.570013468876073,73.01
1460.329654488247,1,2,11,30.7839985046625,69.61
2238.6547984190665,5,3,32,21.41265346595832,136.67
1071.966093469539,5,3,27,9.844132387466182,79.14
889.7899316301044,2,1,7,26.994357091028363,41.93
1223.2367720475022,4,1,0,4.1241233377744875,67.8
1481.7655934578008,2,1,36,18.23151448727623,70.33
1597.3357797290766,3,2,21,7.371303577538387,74.47
1403.505576857468,1,2,5,8.19390299133545,74.59
1640.8221586057186,1,1,20,8.889464017169942,91.16
999.3842303238223,1,3,31,16.081575224715138,52.71
2077.5058416293036,2,3,34,2.994858019195507,88.14
1467.1395286429724,2,2,14,16.51394419623483,80.81
1946.918332635251,1,2,4,20.956590437473334,97.27
1637.0901385510817,2,1,45,19.848477113686684,58.16
1682.7012876615136,5,3,49,15.928579915718583,97.11
1727.9069120928816,5,1,47,33.726717714759346,80.56
1679.083424006926,2,2,5,6.6677410043996606,91.1
1757.0891039470175,1,3,24,20.722173007473586,87.28
2031.6610120529726,2,3,45,3.4196152613056174,95.3
1578.608467880588,2,2,39,3.7750714762384803,79.16
1783.601503035405,2,1,28,23.380768137406754,78.03
1464.1057222851093,3,1,6,23.074718570625016,76.5
2076.046886179789,5,3,39,35.243307000933825,121.56
1229.443079176292,4,2,12,22.757073350742854,86.79
2220.3761731643262,4,3,37,38.431849795789155,96.6
1483.9368197422627,3,2,17,2.899099087597261,95.0
927.6899591527807,2,1,1,4.822299706448902,71.52
1551.2417659643156,3,2,7,2.718568601244874,110.52
1227.5793370100478,3,1,10,8.22579716300806,78.12
1836.2574195954896,1,2,32,22.109534326725445,72.81
1238.9504082790436,5,3,37,26.177315075669693,79.59
1321.526626714088,4,1,47,2.777821159998083,60.75
744.1837076217876,2,3,26,37.892864703978375,31.01
1319.0774723003692,4,3,19,33.84444968936486,81.03
530.4482693484173,4,1,11,12.567886804126632,33.3
866.4388706057107,5,1,42,4.010313678832251,41.85
1804.165862457719,4,3,30,7.625595855543233,109.58
1814.320063460333,4,3,26,5.9508321364439345,126.2
1670.183024713986,3,3,31,5.808067392658927,105.8
1113.2095427483148,5,3,9,21.223905857963622,86.77
1480.915457543208,1,1,2,10.588050257242612,87.86
1498.5589843637727,2,1,44,14.967448944636633,72.21
1036.6541243229829,4,3,26,39.590708001988574,63.05
2101.35932070686,2,2,34,27.688255708088445,108.15
1850.9449162302685,1,2,30,38.01024601483305,66.46
1411.6143304681345,2,1,14,6.559705646291508,78.01
1510.7543355978123,1,3,15,15.9034395184702,77.96
1583.353123179021,3,3,12,22.634540328011816,92.37
683.3060526302837,4,1,48,3.9935644136607826,32.15
1401.1290469917612,1,2,34,1.1633103014903567,72.31
1227.2063008008806,2,2,10,27.146939018079784,57.04
1099.3519960420338,4,2,20,26.03096115525598,59.82
1387.559882845618,3,1,10,17.02076358998486,71.73
2219.074610739809,4,2,29,20.09611896524927,127.96
1756.337144506804,1,1,47,17.202277023091494,71.74
1271.5284040868812,3,1,34,1.9361967489506653,62.79
1729.0331125424634,2,3,21,14.079492642481034,89.09
