Income,CreditScore,LoanAmount,YearsEmployed,Age,DefaultRisk
85357.88555700534,685.7771607852648,26165.506681733626,5,42,-1.7184919502558202
53010.93944188751,652.0678800783606,27844.078523984375,11,49,-1.1991298067970242
60492.30245517877,589.2561601127486,27124.098349148626,10,54,-1.2169432612760043
66112.74424494762,706.2483107178795,28579.199357548245,2,47,-1.4417355457204166
48166.15457061392,694.322517741051,21749.7631071992,8,60,-1.3614829582919894
60030.98359358922,683.0798732162227,24824.91503918156,15,34,-1.4750886276587447
59986.64421213103,653.9560360490259,48434.99594975203,10,60,-0.9340537833784553
33679.13540481869,629.9908633627193,34095.14763778394,19,28,-0.7825309016711757
75264.8700849524,666.3981236439124,29897.14493398824,18,51,-1.4335628101605413
69007.47773879324,693.8855647120695,28138.276729462705,10,59,-1.536902515222942
50618.5653904986,672.3289475753601,19179.402222611807,0,36,-1.4899999389263938
57426.776082064185,671.3173054503022,26814.459590807946,14,54,-1.3101790889284173
67579.49061295128,651.9094655139303,23024.674745708988,13,56,-1.5459230980469907
56079.6537721253,700.3342968641074,32568.677641790724,2,58,-1.330413585188355
56358.7638199118,694.0175667790735,17679.0527103138,16,50,-1.5064812582741582
38201.37881263814,634.8553236658145,6095.658411755179,12,21,-1.5208306398948166
68318.70467837832,725.6158630403779,20516.84192518504,1,23,-1.6793224813115724
61858.21357930558,727.4814047700233,30573.91290618178,13,24,-1.4991739210085488
64116.89885639945,728.8157329276352,44670.52714081475,4,61,-1.174438717199073
37102.1320219524,672.1612371605789,33203.0719999463,3,60,-1.1428622665042965
84760.49536779714,668.3503211286736,17171.44596114992,15,45,-1.7730957325260297
62315.03303184537,610.4497475691145,23247.637212810154,8,52,-1.357735554910597
54192.90085070418,725.279613968472,17392.465773348864,14,62,-1.6631629948863254
90436.08331141667,551.85242528452,23505.987473132973,1,38,-1.4797355944373616
59319.20955209031,656.5424553362574,17821.601790275105,5,42,-1.477836409270444
38239.819512801376,659.6095750580887,11847.661848273658,7,63,-1.456212727591696
53921.5821685847,731.373122485649,28556.687585863816,7,40,-1.3952615762081695
25675.27347042416,679.9632092838049,26565.35811815653,0,27,-1.0725871407972176
75740.94824014882,622.1318504157588,23633.932349968956,17,50,-1.5428631004894502
53752.88522219972,594.3940720903638,27769.879526174784,5,35,-1.217873431670193
48861.69712193149,636.251978684799,41266.52417843594,11,34,-0.9520377704440998
76087.05197363243,686.396552757171,25936.517452190994,6,31,-1.6528447458286732
35233.86615891242,683.3028040413064,21972.708807269562,11,48,-1.2647978401687194
68031.44034489137,668.1424471956946,31929.381508356,16,36,-1.368061381318188
29033.777953182365,638.9402485938423,11865.144373083207,13,49,-1.263717024197051
50067.609904997866,667.3921599140466,31029.06863257647,5,49,-1.2248172084496733
41936.70231600401,739.8657765178519,18803.511280850074,4,48,-1.5779977342441314
81929.63440820287,613.9742924696843,18466.41540946326,4,35,-1.6295150079130596
86492.41316894001,682.0185988596013,25879.66153103039,3,23,-1.6738878961797206
55058.79372130402,777.1141531709637,38378.7992360857,2,63,-1.3635554712932019
72610.99863215303,713.2596992063424,19036.3089063252,16,44,-1.792510775280644
57300.20398121474,652.6438627340654,32619.8773383198,12,47,-1.2526043931656552
68520.92830991973,719.6583165490612,28022.57712257555,0,54,-1.6032634831125105
48707.44205367803,634.8785470650939,13872.705937812167,8,37,-1.5098214604731128
34374.91195249416,680.4228613464574,32329.90370146536,3,57,-1.034315513629922
32953.520122803886,773.2421117849356,18390.326780384567,2,21,-1.4914154190787359
65746.82777636268,793.6481662111207,13238.51700282726,8,21,-1.9275570673246076
93713.9257921155,577.4822218303602,18668.400121770635,8,49,-1.6740845957966652
64041.174457618305,722.0040418197241,19183.33423907835,16,63,-1.7266087513739938
52130.930708987216,796.9167529405125,29736.409818383105,12,64,-1.482244772661091
88680.2829349791,647.2796593501805,19144.88465114491,4,42,-1.8129803546172276
63559.527699557904,695.5394377448686,36947.79101041315,12,34,-1.2237185826341712
61521.50977817423,770.4344323676289,26769.5922444668,9,23,-1.5402937022379233
63788.66603332976,650.4487491837876,19251.609538243356,5,44,-1.5867112418779243
58014.34203649729,707.1214464236259,18324.336417260423,7,22,-1.5622864541772807
55357.8548911668,676.4476096230111,26822.812365878082,15,43,-1.4696077622096722
38475.548009466685,564.4779988812277,8762.962286101072,8,52,-1.3438750040271157
67524.36184771561,700.7672819183252,7586.062410789622,9,58,-1.95093932953925
58578.36824340159,668.9528104792162,17921.57976756713,19,50,-1.6059267992263724
77896.28883516016,735.6878766422425,30037.308567630447,12,54,-1.594328608407925
54467.7229732823,805.6032317932174,26433.29281328942,19,43,-1.5847926107786723
31404.451822042978,721.0334895976175,25173.85506680317,0,38,-1.1424083820291815
58505.84052157703,657.956158301189,23288.630436496536,10,50,-1.4175014941063604
85493.05945120021,707.009058718344,7579.364231617721,13,25,-2.0774101886633574
54248.653156027314,692.1068949423766,22398.445789067286,6,32,-1.5885723747563067
46652.14708468876,741.3788183191073,10799.187082227727,2,28,-1.7276147564289344
42096.121166127254,593.6727323696765,31680.197597979528,0,22,-1.0283810923980536
44249.7478338694,610.0203507715943,24930.017708579366,19,22,-1.1573931552731829
55497.09394799756,557.2890482185212,24281.070604000055,15,56,-1.1423495000272101
42300.26859812692,716.4250726752151,28190.702332844783,3,62,-1.3424478263523765
82464.58673396375,678.85959987235,27582.32452475215,17,52,-1.541717216112777
55760.471458869295,641.5917274450668,26859.366375369882,9,49,-1.2361365967259375
61629.72557242095,636.4851829562322,27783.337372173126,9,32,-1.2119768247391842
81573.59281100635,645.6685260396459,20287.318163833275,15,62,-1.6587112733901344
82549.77780625367,624.3310573920277,14316.586815411962,0,64,-1.807256801076725
56809.005494736586,660.7159036745412,27731.571481721385,19,21,-1.2439495917156875
64979.61323232747,650.3470514552537,36570.35677159309,7,64,-1.167974227784797
71025.3987656604,763.3984549756801,33091.93898661561,10,56,-1.6112181315421765
57107.168094753295,699.3984409035703,23286.3793817705,4,55,-1.4479586729250626
33329.807205622375,630.8886470260579,29897.289311863973,8,55,-1.000877453084102
69820.58555554666,644.9668327266787,21479.34874055766,14,42,-1.6447166130640418
73415.284572308,751.9364156002025,28076.034436853333,13,57,-1.6974040084843411
66232.53921447016,707.1456408782376,20137.433188236944,3,62,-1.8394068126882308
46146.830149301735,697.7109556393373,26123.662757331185,5,28,-1.3204515756863437
57059.59031538052,723.2388025598658,41020.894311874385,0,64,-1.1947701871490481
51138.45271705295,775.166794808582,31179.610445177084,16,57,-1.4646428193210512
55504.33144008259,606.9608448428722,36988.49710494412,14,63,-0.9718869313892048
79453.27789090009,635.2595288089287,18812.244861738473,17,40,-1.734083354376984
82943.69450089734,575.5628203263147,19511.21927422293,11,43,-1.5287120591057586
70041.27290114491,709.6928583462537,24683.42800994838,14,22,-1.5734796799276223
68231.17679667495,657.270896529206,29453.969272489947,19,33,-1.5510470587379601
70149.43484333828,639.688936331252,23331.60433386037,7,41,-1.5407561503795353
59816.367200903354,634.2662733762191,33106.57217119291,17,47,-1.230423633384014
58865.04807769401,721.4813900169813,20595.769132208043,11,60,-1.6482704545397386
49895.32218935889,671.4751872872272,35881.144614221,10,28,-1.1597771540680586
59161.98824924889,648.1686624269454,32746.906848737068,16,41,-1.2664144875961474
93899.20479939392,755.3216335969141,16073.598359283102,4,47,-2.07956240514118
73035.58993880739,617.2356240352419,29663.734901822427,7,48,-1.3937130708381482
54868.24464859706,604.137251596059,23207.926724962465,1,45,-1.3176688874637388
52921.10021799718,835.6787247677331,33150.2060852107,11,53,-1.5886897579572543
47032.65012621381,657.9360969063875,20699.475489237386,1,61,-1.4222622037289268
65615.55524606364,647.3917236127016,27488.920720943213,19,40,-1.393072122503607
65873.18540253871,636.354778791867,29365.70053732569,12,32,-1.370392096077109
38353.17514498593,671.7863012718454,2968.8379700732075,4,61,-1.6299180175381711
67295.02795862553,726.9646389501993,9957.674877607147,16,32,-1.92036712674125
51457.91594222254,725.2077827040646,26023.136803228776,4,61,-1.501902557102233
81400.81734973253,712.6434660109542,23988.672807338175,9,40,-1.795543195961384
62352.65975556275,663.2838595422502,33125.847651947886,17,35,-1.3261961408335836
85765.95074490353,590.5955727315309,26807.861580351124,5,51,-1.5128132304697164
53128.09810670986,696.9773515745875,14832.686628462056,12,59,-1.6473893915454434
55680.24200218828,771.1278314772483,27626.133445648888,17,38,-1.5689006429013548
64497.125284048496,744.1567174869276,18996.11709457288,1,43,-1.6567556322407015
75839.22448746808,669.9045041632178,23163.081947699684,12,24,-1.5663294860488215
68488.23732941109,728.1522556730384,20927.476014653083,12,55,-1.7351802684863054
41497.140844086556,656.8704799614771,27788.519644829088,16,23,-1.07520286219112
62743.5105242215,676.6911159612039,13625.053406493715,3,47,-1.6946683716035622
60333.671078108404,605.9381047805723,16037.909231225978,12,22,-1.5489163614009984
53563.97109666012,661.0743217226,7205.575558522636,16,46,-1.7795441143397028
50278.4206066146,688.4339274326959,42151.35255114318,4,39,-1.0970429705378881
86213.65859022966,669.8574765206168,17008.732950713398,9,35,-1.907935085939698
54144.202779576546,726.1977873974336,18089.077883780214,10,36,-1.6477087442150002
47311.16044308288,793.0204460905044,15760.6036055248,8,29,-1.779577674401392
69556.6924921866,759.298258898166,19844.389453201897,18,37,-1.7656193870613759
61959.3446589338,661.7028353190063,21491.23981065741,0,52,-1.5834682560957911
58862.79200541123,636.1290189874984,29916.18750597124,7,33,-1.231107360054356
71719.52716575739,640.8404206279699,26407.268676174102,1,58,-1.5072558087960732
67329.38123839028,621.3320612476724,27625.956426474608,15,53,-1.3634886510737818
65432.85001426639,682.0408021545287,20271.300036114244,15,33,-1.6379806857597932
74463.00726587114,705.2671200930605,24413.654401377607,13,56,-1.6135044951567445
64254.54635752185,690.9823700353119,34740.00428616479,5,60,-1.3720259121943508
50746.170763642906,691.6190002775305,24816.729498623477,11,48,-1.458302289342472
54565.766573704146,689.4920115661498,27444.979163130258,6,43,-1.3366276134269521
52185.41497043532,672.0767539557955,8761.0736499539,7,46,-1.6637565304147712
63145.83085464901,635.4586258100172,29131.936872272217,8,40,-1.2816546389300594
43830.22658623941,783.4787537737075,27062.319698701463,17,36,-1.5181382937373724
32513.610499071357,742.8518994279276,35300.318979348194,15,22,-1.1042186438503752
61322.32386897594,625.5046488498094,2977.8458737618566,12,21,-1.8273457858294255
39952.191750664584,625.6855059145139,25175.802036423822,0,50,-1.2010342026676075
30720.32852182312,644.8237804534986,23970.504446662067,7,58,-1.0541471060401806
65599.96175725032,681.9817244297924,25609.567059438545,12,34,-1.5666874970247466
49334.20205814689,755.542764130414,19887.484251634647,1,30,-1.5434044000463882
67441.88133358613,740.8908037392864,26585.213785984575,13,38,-1.7294184242075237
52037.19372113041,744.0650213624139,30510.384784357804,16,47,-1.4006281279069726
43170.564176916305,745.2700546519096,25242.007494179306,12,24,-1.4228254094857058
41347.23729215976,746.3841403399417,22529.73182641772,16,54,-1.4171326015835093
52276.09165944433,724.2013752697558,23168.615829470906,16,60,-1.4624558618593013
55899.2579063133,707.2702179605111,21761.559373979202,15,32,-1.5205192292323015
47648.0987397571,672.8567465357137,25179.465468193775,19,42,-1.3031819659284263
55783.381307798714,575.373907405519,19111.721354144564,12,25,-1.3653995553558986
36958.46555681288,672.2466702475881,8919.88076207998,13,40,-1.574829243547303
60217.33417464415,788.1186637292063,35687.87094905202,17,39,-1.4809447091562589
33095.26887299432,647.6020197975902,10773.528126573261,17,53,-1.389084141281785
57092.15524568653,642.458399012966,23872.063390377447,8,58,-1.3663257687681958
70459.41164669364,741.0449314919048,14371.12290592476,13,42,-1.8715578839767304
76379.08203367234,684.8374895644978,22509.576942273332,5,36,-1.6297150851857551
85715.70370303639,651.1968197024686,17071.56328259012,8,35,-1.8297923077259324
36655.68529726962,773.4597883949347,24440.476610099417,4,29,-1.4322046255828709
71380.87800831729,717.4493508726788,18049.600070529064,4,51,-1.7917787595672154
78094.23291173771,725.4546760784923,14396.458317966486,18,43,-2.056189305023947
74708.3547725695,646.1254754874301,27236.448713260237,0,50,-1.4520070097481728
46060.14277340642,709.8231025564493,35429.459209850604,0,61,-1.1989045970025516
66176.95246673969,702.589575907626,27518.853829427662,2,60,-1.4306795256322886
87900.83508340718,726.6246805793103,25614.670391591117,2,23,-1.8313109542894623
37540.89536465108,748.9501787096799,16312.932348965685,13,53,-1.5714924057578759
67145.06550385879,747.5644105504264,24059.91622575444,15,38,-1.7913296123760185
76684.35728488624,690.2294488910339,28290.539361002728,6,24,-1.4603414580115959
49551.13476512095,721.36995966092,19502.88196295404,0,38,-1.4986141271932931
68744.55454928933,611.2953171969016,31903.760534911446,6,30,-1.1998334601823026
43936.61238007694,718.6167268832987,24374.267056102588,10,57,-1.319232680869061
47816.87127852392,721.0588985884734,27522.171080333195,15,36,-1.3972416253273017
47743.79629756729,656.6687460965155,20711.45688015798,16,52,-1.3713845973490597
62884.615482283785,633.575129192101,20764.207714750068,4,34,-1.5181232377516374
58635.281009508486,676.4745609442681,26439.68719715434,7,36,-1.410739411749059
74311.72811583098,607.1928131009947,27751.45728468315,15,50,-1.316660666420999
45895.81328641588,700.4528413868716,27442.582143446954,0,47,-1.2961258653706527
58030.86524861252,697.6820695059217,16520.03598358229,11,37,-1.6369366930551585
74416.14695420259,623.0859430290129,18779.749147186358,16,31,-1.6499730697167838
68411.65758352418,682.8540561744218,24476.34890493727,6,32,-1.5142596394931458
40130.379966281536,744.0627606651051,9783.339261636116,2,35,-1.7021353855410588
69978.05527436567,743.7566102698116,32991.242549595925,2,22,-1.4793281585396332
52823.731802931514,740.6324599890249,27158.737742960533,13,27,-1.448011477143463
65780.79806841974,670.9784018755918,24945.413904024077,4,24,-1.4541174919280937
64510.20622534362,659.7119984534401,18908.0616941436,4,27,-1.5052249365664006
78289.78325952943,656.5482268510935,31178.00889566136,8,45,-1.5404537196457027
61748.39909603053,715.5607827022135,22425.075163017136,8,62,-1.661767423009117
32192.911927384408,821.1120380305892,39805.30687892927,13,27,-1.1556204749652395
39452.10421531208,764.3002524295266,27747.733324793528,15,55,-1.3955255925864511
70967.31578141086,775.1463732605234,12670.6401950861,1,38,-2.0038694765386103
56125.255001435835,760.9942689751666,30418.04519507725,18,46,-1.481712200331025
77069.68590141095,583.2341051394518,20374.175507679414,5,39,-1.5271397419652206
64101.582268965365,667.9568448634863,20426.12381203198,12,43,-1.5367841590591627
48764.01396081711,654.0413391043867,22657.519365072225,0,47,-1.2992279266551758
76236.10139584822,754.9746628060493,23542.756848919344,4,48,-1.8857272567008088
47889.03477706259,781.3031477930887,26599.269996102434,3,59,-1.507470410966514
29210.46737586984,640.1649337235419,30677.661670514295,6,60,-0.9479508095124434
90956.93326594272,682.3196211315214,28208.079239784383,15,63,-1.7014869687473828
31338.766835667066,713.4305919064069,18773.926195109656,2,22,-1.364776513770736
69546.19288468978,650.6926057685357,13755.482851376984,18,45,-1.651183314701437
74082.77653438009,642.288697873923,18107.099924262893,7,57,-1.675604015484184
62205.987946523885,639.3536457273079,27439.853191661365,12,62,-1.3237696369024567
34749.04734542867,733.0932772104666,31496.841517327328,11,37,-1.1925562340486981
75225.22403191336,625.4529051902391,38949.06958621091,12,29,-1.191963062568832
38376.844250423026,748.1190453244611,13774.141151029304,18,23,-1.6100044070611053
39845.571526643005,685.2110760990679,25179.655457452423,18,41,-1.3756315790393836
54574.975310025504,725.1000469439911,22710.605950768473,19,45,-1.5804069185735141
71827.56861175496,772.70227469511,21322.224809382213,19,28,-1.8511272932462766
64501.708585961904,639.8644024374349,25641.323092281255,18,39,-1.4354397868259365
72161.52428681277,630.9993084203805,22550.721612423666,4,63,-1.584795509205091
53345.34254179435,705.6040622122254,22400.26589395166,10,43,-1.5544897336784478
57417.2507016606,618.1016410646645,19357.083603555235,5,36,-1.4015986997077927
42942.94817752202,636.1984488676848,27696.50336880584,11,64,-1.121156793220799
55247.01820165986,673.1915091136924,32972.889161278894,2,42,-1.2149015732681303
68896.92227714843,689.4114653134287,37597.20929794057,7,25,-1.2798106402971878
55502.5791903732,605.3976418110587,20322.2254049767,18,36,-1.3526400613701932
67131.89332221923,657.0726763655156,16095.517350887274,16,55,-1.6459994076695774
51400.88622675721,714.9445158411141,22428.305130216973,16,43,-1.4352134562769892
51114.12610815372,760.579654189378,17846.50431621101,14,31,-1.6086219039124172
60587.52974591375,562.4381634996048,32762.179305929552,1,37,-1.098162216695319
57076.77745787564,758.2266988378589,17972.21225343906,7,59,-1.658889750492845
68885.77863902187,732.7963193293982,25120.260211168752,0,45,-1.6020964800879822
62674.3536240894,615.0357749982883,13778.074187681405,10,35,-1.5659693421495053
86105.19443089236,591.9934117372959,21729.417417753644,14,40,-1.5471644977970094
56707.58243233499,704.9844520996095,26056.979119413023,19,53,-1.409874407501661
56591.21025365549,654.897090894615,36760.72049238581,9,23,-1.1672627298150648
44398.03404322207,688.1424477787455,18982.94100574144,6,45,-1.4390510154015885
60341.66951128779,731.4919924452179,27481.321997411338,4,26,-1.4517006111455155
70242.43408008298,657.7468533692689,7897.659457716105,14,45,-1.7855923830499032
48895.565378904575,689.7086783065212,14861.971289210182,18,28,-1.6003577382135876
59254.91605860558,708.4139340495827,18001.837818030403,16,31,-1.6050545923830348
70778.35140269755,733.1528114544551,20525.5440274196,9,28,-1.7491165266727382
58096.36276483963,785.3122418828253,27962.104026785248,18,37,-1.6729915340346388
52212.94048277661,781.669921999415,29565.710402479017,5,34,-1.609305142167795
74596.39726170305,694.4133975018864,11641.05085895772,3,52,-1.9321488537106517
61455.293483343965,665.8868960213732,28744.106181555064,5,58,-1.3964732673331637
65948.46758614323,821.8027856716716,15581.912759978124,6,44,-1.9865589094571556
77570.90175315778,718.270226627546,39183.4779753109,16,60,-1.2980554526242094
77179.73877704449,705.5360531640048,27004.78297398498,12,55,-1.5913257422868972
54791.93726288966,614.247048097881,25719.25161136946,19,40,-1.3374320833666966
52118.55420790622,726.513423350155,23080.356683995997,16,46,-1.455349339691046
64264.63399998197,633.6155026624218,24228.500091562237,10,35,-1.458209244482659
58008.18697141801,652.6685887390144,24512.19597016755,15,50,-1.3475718419885336
31502.080210764783,600.2934453043754,18963.997746147874,12,31,-1.213388589985743
79130.42601998831,649.0423847144768,30462.188191163845,3,59,-1.4616557529153138
60290.41991248885,683.7322059082584,26648.6247181461,1,53,-1.4815336850153817
71045.669499727,590.4505821560758,30483.52999091155,1,27,-1.285504550635928
42406.25153579745,626.5899416699805,24000.234240405156,11,52,-1.1333852993394125
79323.05338137591,675.3621256370294,29928.9789648535,5,23,-1.5270019939540231
51176.0579090654,604.6256881010347,18432.220758748663,17,63,-1.3747180173423657
58384.99389790009,605.2634493379283,53000.5527364479,6,36,-0.7630694855522315
38978.629954089345,630.3569073178344,18807.766192619987,3,26,-1.3013454348272324
57495.753949026184,596.0043193510768,20922.84264533733,8,60,-1.2909106764115474
56552.94100963842,716.6948663641796,32187.41156995242,16,40,-1.31483350867138
57219.59191272421,620.6967451537892,34352.572999051474,0,50,-1.1478828291409748
66577.57114133729,725.9556324202924,18122.950805244403,5,64,-1.7679240311723148
60905.18771802754,735.2548354279483,11185.878851305106,8,24,-1.9265010134749119
74636.73937642622,608.4708361626662,13303.024867141745,4,54,-1.6423058612852908
52977.62721522921,682.446261022955,16539.581406778892,13,61,-1.5134611833939617
45059.76136928454,651.4138670233577,18207.779546929218,1,55,-1.4471488626892524
59713.404125699075,612.076912583166,23167.650252385643,6,31,-1.4811849508997958
69425.52054455676,660.0104711189933,32720.668637324445,15,57,-1.297769385618596
78669.62659451738,665.5907961317133,33121.224414492004,7,57,-1.5421665736826973
72208.82153345908,722.4914020784826,19592.509059008367,0,37,-1.7931988171386977
33518.3899851251,741.2973809972639,28794.94786950161,2,54,-1.2538467068913466
65655.87537090323,614.2412922558901,31532.350539711162,13,45,-1.283473626194061
81905.57659381852,655.7337398472291,35709.023969732385,0,39,-1.430116011512999
60938.6454952002,711.7171811129006,23200.955813548455,18,44,-1.6139112961469837
52259.3624978696,750.4286461659419,18527.13792977721,6,21,-1.6224105380920393
64637.41279039439,533.9546557295754,30465.72142677792,19,56,-1.1131210298927585
52451.37023668357,756.4797299833417,36589.486961373404,6,52,-1.2284914028915246
69586.6974885608,669.9582479251923,20273.258576509474,8,40,-1.5982965304652312
59805.08292813574,771.691076983396,40055.840525326,13,39,-1.2904561429907917
80895.00194994755,654.6502082143369,38217.60778804637,11,52,-1.3920335619246522
67492.54122736397,630.2838885136293,22364.985398587807,13,63,-1.4226439720692772
49141.72970106504,682.6917464144716,11918.904253536888,4,62,-1.578149152003328
69069.46925825201,749.9947493529228,19691.187852817635,9,30,-1.7926113707095896
74040.17550346666,681.8365787105001,21648.302372993297,9,64,-1.6840937121225024
51473.16217807853,538.8844427757925,28716.56423265069,5,50,-1.0165097370740386
53613.083962573044,720.9582012950398,11098.925787215214,8,31,-1.7433892856622646
25422.250895981888,583.6401725455376,43910.34124176205,9,62,-0.47376572178613213
73551.08983448154,621.4173708749785,43185.95987816401,4,58,-1.0858942682460857
51183.6842407531,610.4430821190264,18672.200348829956,0,60,-1.3358289257316178
28164.75791950963,569.9318156120953,9565.023763378984,10,43,-1.2436860386463857
33468.42449880464,604.9752825373874,23102.23882877066,13,41,-1.1133800373161262
56655.74765331748,620.8492511949826,27846.921739119585,9,48,-1.1898752442150642
71409.8995564666,643.3261508678919,35223.37744817284,8,42,-1.336003287676513
58664.03071784964,676.8047364289195,30145.243049976383,9,39,-1.4265326045593831
67076.66638690172,659.9610618330806,22834.05396602601,9,46,-1.5678089816834722
43477.505599123935,591.1757622397301,8700.407659613,0,53,-1.474585545128837
39879.5155939128,669.0985845457996,28528.324621109292,10,48,-1.1173579665085833
73285.81209999707,738.3641901606987,31185.00553161409,17,63,-1.5441365346754719
67382.16688762227,736.8926437874323,21958.43416266532,12,32,-1.7344954951609097
59542.36725087888,688.0791370102891,26637.376893938825,9,50,-1.485976818250529
79231.38937526583,717.1632264038403,26064.158586710673,10,59,-1.6360829756289887
45732.14312868404,733.5355643246422,22487.983673575047,13,24,-1.5101293572637433
53696.00517288958,761.6991547909761,15184.658612867634,6,62,-1.8222569313302606
75395.5699621915,781.7870316802715,27169.636529614316,7,32,-1.7406383693689764
87566.91588297187,660.7833092825668,13085.424403703764,5,38,-1.974750953398515
60126.38399949799,663.7005673800136,35642.4903055101,9,30,-1.1885473262476567
85192.79111401994,768.3679381600236,17239.22050978036,13,54,-1.9819280711658773
50962.34077585037,773.6642550428035,28365.88421042153,4,58,-1.4538954347691126
64946.2477219159,772.4394152018834,18579.163034041856,9,54,-1.8450360883707002
57392.6462547478,539.3864641128912,27454.917245093307,9,59,-1.0738418129075205
36176.27315414409,666.8186365412532,22732.68125914344,18,63,-1.278317734441311
63869.59252564287,484.66908578867844,28680.11344621725,9,26,-1.045481031158116
73991.24539677586,723.7961551895211,18090.616584772986,10,51,-1.807752556977246
57775.9946408818,683.3369410557934,11372.435754687227,19,63,-1.7203440052183612
58943.17312115324,683.1307696026697,22163.933518787348,2,33,-1.4819161527681106
80893.9097539398,671.7383152662386,21600.16881756498,12,59,-1.7137992883172262
41254.29644699376,758.2022840657984,12377.064085289965,6,61,-1.6881795526221073
37536.175223590835,662.4135975108483,18887.63651842413,11,61,-1.3624244099537968
50189.41283129771,741.9868507343423,11019.177281023556,12,41,-1.757102214671006
42050.65820893805,713.215881096923,25322.402279118687,19,28,-1.3799589106228622
80194.33914689379,701.4089499820625,21413.18950184912,14,46,-1.8017328878070564
64645.33676301779,707.7557297264365,24521.019430487635,11,64,-1.5681787406689753
47038.603437382815,686.6423892312883,45224.26580400269,11,39,-0.9363991737083763
50782.812547796144,614.3764675554226,25669.679506477918,10,36,-1.2443057162452578
102916.00786084138,722.9731744187519,27392.308046241305,6,59,-1.967156961570462
50848.64930859933,722.7997034607552,29420.78102423863,18,59,-1.374269929998513
48569.629986730404,671.366941555051,23289.832394797435,13,25,-1.4619845251436334
64564.60754893314,723.8426081521415,19673.96635571819,7,48,-1.6949875393065257
69573.78689511746,733.9357384510329,31426.737593133745,5,51,-1.5210836225779356
63325.22757861709,603.1081672934121,32634.989622692017,18,42,-1.1306755434016504
46370.61200289921,671.4718701284544,1068.8318365638552,15,37,-1.7948976857859391
42612.19394904158,653.4050844767384,23101.861306274295,6,30,-1.3323748761223875
68942.10829872427,625.6903947540513,21680.169047105897,15,21,-1.4659176162420524
59187.14720966182,699.3388642595755,19879.367199621898,9,50,-1.5533798694956251
35378.50544642071,629.4093432526656,34328.2769012229,11,38,-0.8926288406238351
77565.0149000111,653.9370678320093,20113.30925046531,7,31,-1.7049218682379246
71629.9351576574,694.7239306802535,31297.557921945798,14,38,-1.4148309012985751
56385.68675841547,700.9910068200835,20042.056199168615,7,47,-1.5458336915213642
56096.04115984686,699.292771558781,21122.54133939873,12,29,-1.4809083871205329
63471.896825887554,814.0344937261768,30210.384993085725,16,25,-1.6814954245807834
49694.86134914595,649.7787688790675,18476.372657783202,5,24,-1.362858515233012
39775.3130976011,695.0111700353546,23085.721246611505,2,44,-1.4357485329585487
64837.76634988189,607.6493603173503,15552.387227296906,2,46,-1.4797105827397077
38413.701431801164,708.8813502792971,17295.58873156343,11,32,-1.372773339216386
65860.90204933593,749.2072170866782,30154.26869399516,3,62,-1.4977659638523495
38381.887967235925,752.8316058891893,29053.22250467347,8,31,-1.3180560503714294
58511.861545607935,641.8512993953891,15224.067630756535,19,27,-1.6086174307404861
57965.331921672216,663.2321454810925,14904.537822801567,15,21,-1.6034691825024112
86739.43889461583,755.7432939934528,44741.76686633214,9,64,-1.4468206159465076
44034.25035624121,674.3977194355856,19228.221740588462,6,42,-1.3520455447824369
38775.8127186402,737.5204643740578,17400.01191238937,6,61,-1.4601487444422687
50307.34041340777,621.654667970345,28463.354523759608,6,35,-1.085446028603385
43144.01360318893,763.0021687885169,18160.74317043346,16,60,-1.585741464275178
51153.56300876604,741.6348727709374,21443.526953782384,4,39,-1.5761071990788629
66312.01468161964,707.8427313355396,31506.794043482998,18,21,-1.4748185993290315
71579.66143503526,632.0878453813714,32346.859043657314,16,30,-1.3832791460881473
84893.41913950618,670.4173712892238,22785.670542392614,12,21,-1.6908603342330255
48949.887426303496,689.0756574662345,35092.59666075377,14,63,-1.1475586561964677
99578.08203000747,695.8047237983118,23210.54521949564,13,61,-1.9543199385021697
89732.77995726824,673.7132669928424,22441.280737879963,13,49,-1.9196113467363412
56947.09799924597,666.893735440121,24310.147597269035,19,32,-1.445869619201238
25628.700313577916,691.5473391024153,21904.55193076974,2,58,-1.1788060276733496
58753.31541173088,763.7335984953899,28572.00413295855,10,27,-1.5227626725243515
61087.615254525444,559.5271343498246,26618.306115221243,5,49,-1.1612665675049716
25511.266831361958,597.6876440833173,18160.68562752997,16,33,-0.991723140361247
61107.477863624124,587.3075992811623,25798.943734253742,15,57,-1.2818203493227618
56997.68605759926,638.7813429087339,20026.072186401725,17,62,-1.4227428291076538
48214.33073325467,575.5843902059892,19738.502806220884,6,34,-1.1664569300690324
69399.43796745708,713.1871896674556,23244.19656120607,17,62,-1.6705957565633438
75080.22570190851,685.743227530165,32503.434043558984,7,28,-1.4577767909820951
52707.34162401459,664.7733640457482,26568.50996822299,12,27,-1.3667333542196503
63442.196408189666,639.1074104163418,34500.26223560081,5,24,-1.3686271419902543
50178.12199380051,689.4114637057941,36853.868075744176,8,46,-1.0328545263272522
48200.91715217085,690.6949796042404,24085.94056324047,13,47,-1.356786301466195
61192.45080854992,699.8157783636868,19517.993893083676,8,39,-1.5824133299332035
67851.32338604446,636.2591081538731,18061.148359272673,3,49,-1.6097409536222975
51550.60711917987,718.9587927738911,26586.19125159843,11,59,-1.4402647069524033
26794.95357527373,591.8868139162043,31284.97238431615,19,31,-0.9139131201632874
68786.77264026318,754.9661736643552,37020.562606793785,4,26,-1.422761780109727
36051.63280097794,495.3967481081471,13906.358518124558,17,54,-1.0966128547923029
61829.97934850695,644.3808926570869,31749.331513859783,18,24,-1.2144251630046845
86685.39346836654,607.8624781310459,32934.02849485394,5,56,-1.4640202022009696
59747.55682042406,727.3846421522469,43864.366849734244,3,57,-1.2080902604011183
42153.74993012141,590.8908306793018,25877.094129773865,16,53,-1.013874780050014
38082.31430072611,789.3106173743521,24129.48764962954,19,33,-1.4795580904844945
77556.92288016254,587.3248312119911,12238.654785119732,19,46,-1.6068938840821865
59745.77256731498,801.7075955414018,18169.535300112217,1,59,-1.841627884382857
68096.07737913067,706.88039792864,15567.074705986412,11,27,-1.828401742141719
73894.52696914448,681.8431497880024,16321.936644558733,13,34,-1.7800255651739447
59264.96559242129,706.1471681108729,17211.197551144924,10,54,-1.6345692868693065
55370.93642043933,811.5547187223847,12145.750538752696,1,41,-1.8868369317790357
45789.78454224948,733.5848031189847,23673.52323889853,2,43,-1.501004614595388
13762.428514235085,545.9971505820438,27507.044253226166,0,24,-0.7403930718883829
37229.99259057842,751.6534735158843,30513.191792355537,14,24,-1.2749843502864249
58956.09739864905,693.9066016581758,23663.96842056595,10,37,-1.511427901222734
57371.0697555457,582.9786442361628,32883.45378415235,14,49,-1.0269573918244164
66053.39809583302,725.628966322416,32964.91480155247,15,43,-1.446993470334418
58099.69742688048,607.3335444945006,12302.707985528852,4,21,-1.4830658247277324
62390.362687181936,690.8715860171092,22263.770579759817,15,28,-1.538976554673891
71816.981874611,693.9945761662316,14458.054749692448,12,33,-1.7449379058023569
46724.32592130389,641.0961251016087,16622.634620072273,8,30,-1.2863220265330484
55692.63151269057,718.853912678463,25928.63896195525,5,46,-1.539572156371954
35891.80752280567,618.7038903050903,23456.72603815942,6,46,-1.1483857224618523
74593.39181989706,691.4709307578094,36170.93635915759,3,57,-1.3782366378189446
60576.26881402794,647.161089216108,40844.51957165126,11,35,-1.0277981485723797
67347.3320569789,669.0400624598151,27832.628807857393,14,57,-1.5041429973850455
83137.24725403432,795.3734537938753,22944.63558830162,6,31,-1.9605650490802324
76193.18768180883,686.7226665717292,23316.16857206663,17,34,-1.7221105623466224
59099.97835471977,614.7576519068247,24395.522093329953,9,35,-1.369351698705855
71815.28012419607,672.9661898749911,29071.5456915596,14,45,-1.5689958881922867
38524.438280710645,633.8441954578406,18624.503413997387,7,50,-1.3524219203159293
66508.64169509072,681.5892648996854,29169.250524655432,8,29,-1.4413193962648851
62083.6511244821,689.715517249499,22554.01284412445,4,60,-1.4762004936406872
35725.9648620682,685.0988888282681,32973.57275291743,11,54,-1.155053693688974
80059.80041906257,685.0286345070654,35415.33467833466,9,56,-1.4917886051460736
49438.842356148285,647.3324239263233,38417.1811134479,14,29,-1.0538010972642349
70248.43079583294,706.9521669348001,23275.86406659454,18,21,-1.6897707115923666
53700.97602614555,743.4414515989483,13729.456642909852,11,21,-1.6536431414553043
74903.14334919163,642.7727300062166,11054.71116285551,7,55,-1.7764219834528032
79683.9264524939,676.4959822995527,22199.36172665407,7,42,-1.7538063118861562
47549.25782894043,683.6418820845904,13206.244770113406,10,37,-1.4657069638392524
37044.019591809956,755.2249565107107,11375.488241848456,11,24,-1.5711846947439347
58028.84925581072,744.7602440499965,21731.941077501862,19,38,-1.659545379350153
72733.74955540922,636.1971154334473,16673.91729848639,4,54,-1.6908188141721534
54430.317560869,684.3412708700521,30072.843034693135,12,54,-1.2926907116439608
50797.14624065334,590.3610630907048,40068.61145153595,9,64,-0.8268352477688081
67324.2338417397,622.0705677348518,22761.444353609633,7,28,-1.4473538652653841
18577.23797894414,680.9014001368203,27083.1109245666,8,28,-0.9908975721916494
50029.26639774415,717.7962739495641,11966.479420837804,6,46,-1.7909605161435544
39243.05547743541,737.2637171219018,26039.301386929776,7,30,-1.1594570488336835
64422.20555768313,661.3520624733793,18986.062752604616,4,30,-1.5571682529920694
48956.26063793636,598.8233507229991,15804.92122485513,6,38,-1.3179471901623079
43272.485128184606,703.8132351714557,9709.963854804138,11,37,-1.68162685021549
54692.53239132955,669.6175651898656,37402.572145927516,18,62,-1.1832114131718408
37973.873668566506,705.4376066783642,11700.552989406986,0,33,-1.5530310842677473
59803.14384908564,689.607450142919,14942.15571637482,11,45,-1.6729299445967825
49764.41474054137,722.9436981929682,24692.211687209307,12,55,-1.526127369744062
54338.71444835857,719.2777570067033,26930.03655511951,18,39,-1.453616932354434
49242.9285544347,730.615939453512,26966.354389705724,9,36,-1.4061456584475585
73683.94351278713,652.4504595314829,25499.535040301478,13,42,-1.6276566481740256
58367.19477231004,739.7298853357427,17497.05936779045,18,33,-1.7579516855866655
67867.67748988864,649.8182712154106,30783.694642649985,1,45,-1.375809091395262
67196.78021266739,685.0962676874038,26190.91477910421,0,63,-1.489022152029206
47907.73569695596,791.6354883015696,13039.106319220966,4,24,-1.7517544730524517
68549.60022681643,701.408148297407,37473.479391409506,8,56,-1.3717530130549958
65236.62711363333,610.0321227381173,21925.921446154072,15,28,-1.553718449542726
64704.72852265679,769.4256796753314,32251.24758419204,5,36,-1.5475520361120456
54019.60077593259,740.0055337050081,13030.628708370094,14,59,-1.6517581249049995
53597.3386393044,748.428414829796,15155.034322040883,5,63,-1.7391403753402812
71783.27972307161,691.8324555380087,20090.442091476158,17,53,-1.7120720064157349
92729.39350798042,700.7494657177795,19148.633302034483,5,33,-1.9809680867803925
47548.09264574567,666.0197801196315,32787.544912858044,12,59,-1.1853119344398764
68016.72311585996,638.0040621521305,11701.419817983699,10,30,-1.7592946612570282
54506.212076354175,771.7997029470166,26009.2207339543,0,27,-1.5162707070779327
71772.84898952859,657.8983578399979,16583.438912717094,5,35,-1.7583058377766412
66574.69961022199,651.1581088592479,28833.654135743167,8,62,-1.3561674185433323
75901.88324129811,653.3902922715779,26364.354602866508,1,59,-1.5235047843730412
18078.228573681277,791.7405955052832,20296.85550056799,7,43,-1.407203635628549
50983.75982525376,732.6881601143494,42491.34497473892,10,50,-1.160612872182824
45177.221726026895,657.9252641637063,24348.880670714767,14,63,-1.259015507615997
58380.18493005932,677.262653301507,33486.31407086558,0,26,-1.2267618828339624
49142.01328422431,710.6270380434024,14095.061010745581,5,46,-1.510222813898037
50385.36663690301,732.7080492981299,23728.457089004824,15,42,-1.4256778539539368
70227.89730137477,583.3705871405796,25434.452677631787,6,58,-1.3910618809591235
88528.92216599749,734.2270242532821,25837.97727224587,15,59,-1.7827939912053061
17642.541504579167,666.9184231221714,21977.180014097983,5,53,-1.0657930498748642
55343.24990089849,638.837907855548,18105.058757103343,12,26,-1.5054358180738328
64680.806878538424,656.5810336918103,-9.953004004353716,1,61,-2.0483933201586937
60070.99649330777,727.5156432620854,20198.62182877896,6,33,-1.7050986155110135
54822.97372125162,785.5059410729626,17405.605564807458,15,44,-1.694794453204627
39697.986691393635,688.875181570594,22704.1941358356,12,24,-1.2694747928009569
45859.91465036018,713.4142243093326,31627.664802780666,19,61,-1.3072766624494954
70874.72959806697,631.1585340737781,42500.855571410626,12,50,-1.070929561213423
76136.43690459682,709.480675610277,29022.295131186685,18,57,-1.5839631931602367
61450.11874746445,729.3588302963851,32908.54104429767,6,62,-1.4566958920287705
47457.41444928203,590.7181377075646,29818.3552045974,16,47,-1.1437401871692834
61435.664543497594,649.2253992553007,30605.462843806483,10,49,-1.377492328166658
56399.40332965982,727.4479210462679,29517.91537984667,3,25,-1.4787394954680408
68184.06930100301,574.4659688471626,22706.496720391882,10,41,-1.3366761860593879
61774.48676527122,657.5660032623988,22213.591569840824,2,26,-1.5969659976214936
50673.15726303513,716.0418477450058,27469.903085865404,7,29,-1.3317991075272395
62860.095979185775,578.5663502641235,39226.7189252445,4,21,-1.0074606112930176
42308.92974460941,656.2007948636985,31102.551935295367,5,52,-1.1500146938156672
72300.17878286359,683.2902916184358,37733.534657030315,0,27,-1.2689393126284079
77735.02840244504,733.4236227468018,14496.218619657724,19,30,-2.0317934081019895
42322.438967661394,603.2758126141342,26994.778857079265,6,54,-1.0498749085253003
66315.7044742904,746.5706224859059,28072.96463994449,18,59,-1.5844476638079728
45131.066123910314,698.3405000628367,29057.213643217583,17,25,-1.2702381465319112
76075.26541168764,751.8107587274886,13901.254827666842,15,44,-2.0440288590830575
73561.77927051033,749.7932212708178,10144.781847368784,8,51,-2.0673750576867738
56547.327825830806,700.4474434192307,7904.1650521706,19,52,-1.808332801359393
74924.0056416481,709.1448959804382,21711.73721571643,0,41,-1.7361440774192423
53533.6326593829,575.6331589729019,43671.933188228606,16,60,-0.8568436266633807
50354.85252747055,598.991608013095,26658.70515247762,10,21,-1.248318854095102
51469.20158116447,619.6812906555688,15231.314051366886,10,61,-1.4163365986074785
57887.237956739904,659.1194525765294,27639.196212431147,14,50,-1.3365877028730728
55148.82564533994,735.9943401335822,22516.60856613954,14,28,-1.602659314635155
62315.17479641348,572.995115542233,26302.447766896028,0,47,-1.1861737878457554
50774.12183696675,660.8025593080133,21324.71977770473,11,38,-1.3685163384942658
71470.44157566702,600.7261246127159,14584.901595744024,3,30,-1.6069026225358984
75314.53876205209,586.5378418503532,20697.234447163566,13,63,-1.5154050668169983
52562.071070787926,768.6144179880522,30670.89798945714,13,33,-1.4805031928062085
38592.37859554259,685.9119529208457,27399.509527934133,5,54,-1.2824748432278053
70858.09852799198,778.109149336984,34749.94758346963,2,37,-1.5179577480758544
77078.34921497758,751.0473904571272,16417.772617300507,4,23,-1.964775905330284
57551.27408722765,624.7162274885906,33390.89191345256,9,45,-1.1310979425706726
40702.24413836752,568.7190278125618,25506.07310200267,1,46,-1.0879345836372103
64001.41376569647,804.2052540793513,26579.16074770868,0,34,-1.7692511497684609
82870.02193511622,655.6986051135974,35025.49938186949,7,22,-1.4270944531787968
31855.101059542612,611.3271215212503,24020.258482032594,6,61,-1.0061984292734905
67168.8854348881,721.470208108283,27122.131250291455,16,34,-1.5505300190085471
55295.48192048181,688.1896347129306,30215.898207315953,15,64,-1.3617324528281247
47164.89323427698,639.716018803101,30296.37501976487,18,39,-1.1952406392333368
67472.99316513065,659.2447778969911,31638.74565357439,4,39,-1.3770732209504668
40517.55174062408,689.6795276433699,35475.18530946385,17,40,-1.1457157648953895
64454.170640602846,684.4371635807655,29399.793710270806,0,55,-1.3308905160664959
79698.88423513998,725.3306742861051,21657.1749756994,13,57,-1.787767342560695
62650.34022804693,658.7920994696258,44778.81466489707,2,45,-1.0626117990532324
46855.16357230798,659.4108777890852,24961.013033468524,11,23,-1.2855261877624782
33310.36928716266,716.0378605024994,28245.54384294454,4,49,-1.1269983512930957
40770.627265397154,698.776735101387,19262.14486713855,3,37,-1.3576698438065153
32381.668051574983,745.65547273226,7787.233634737306,8,30,-1.6859963569918275
83994.48644895482,665.0055438537767,19032.132104040462,8,29,-1.852152947384082
56257.73248603364,674.099955161382,25780.599686895985,1,54,-1.4593747071746088
44322.53955907102,610.6402371914645,29514.51810997837,18,49,-1.025274054206543
40526.869339823395,769.9523398008082,25496.14930756525,10,33,-1.4911669482172731
43991.32028156411,596.3734052104298,31633.302104572012,15,32,-0.9512218764152554
54962.3569229544,692.1234469860806,33208.39645629722,2,34,-1.3033345413544004
40760.840784125765,626.4823935180513,33187.42621074127,8,35,-0.9356721508227179
85144.61391435612,700.2427214552571,25324.249323818203,16,28,-1.8008381552169743
48789.15913513412,724.6620405541596,25960.595557136323,9,50,-1.403425624805821
48261.25659447879,581.6425860650265,23583.646285447914,2,43,-1.2189990694235346
64616.372544831866,667.3433689212585,18313.180240622758,6,40,-1.602768530264702
81758.76534296191,574.5974528425669,36718.954867843706,19,51,-1.2986416877041143
79859.64072588383,764.2568383002466,15376.742599656569,3,59,-1.9975883445185605
52682.71009496876,653.4113838673582,24738.26440674515,7,27,-1.311900550965905
63831.42033672865,585.4081671444551,27128.40724616083,3,43,-1.2130681132350354
62239.431742276036,637.8840968002988,8204.610791116826,2,25,-1.7220071111734119
67948.41737260715,758.679313078788,31265.238849250592,5,42,-1.5713586330770215
63835.56951033,769.2532693502332,22519.72543145963,4,44,-1.7156709762005717
45842.57425853741,756.2368192875099,27116.193203249706,11,63,-1.4298600920615807
41097.14818424091,632.938824816983,22676.248952757483,3,49,-1.1609443938482127
62634.83320664683,670.8632559262792,13051.667560086637,11,58,-1.6849228897100055
42246.928246352414,778.0850138133355,26899.36582273081,8,33,-1.4354433232429828
80448.3508284909,636.1048692590867,26172.62952901205,18,37,-1.5477256709847396
60598.94717506402,659.918048231984,33308.81404035188,15,53,-1.2494902886745678
44608.8365593163,622.7688980921862,29130.83252087546,13,55,-1.0115264575891751
55175.477219649714,610.1556010041804,11869.841913111557,15,29,-1.5088167705788902
52390.39065623668,752.3732512793225,34145.25523714162,12,60,-1.3832472225089005
58031.40269003573,717.8408337090249,31705.5283597281,1,45,-1.4150481959067778
74187.73274474376,706.9776687125176,31467.16299999663,18,29,-1.5755568369701918
38333.581013661715,714.7794392758087,29224.17615897845,17,45,-1.3320978934141916
31986.348971224288,741.2789214487887,19700.36033883918,5,32,-1.420003161454002
65070.764295280154,770.6217781068146,29604.964410570003,18,35,-1.595758985925456
57340.75699013027,679.5681674961709,22429.387360464254,16,39,-1.508809763251639
62448.37557131508,659.5494151896362,48394.46443192256,13,55,-0.9698352194682406
66668.19804680502,618.5709310751832,23448.86631544119,12,41,-1.323798766921453
57284.274338854586,744.9384062262181,16469.652937073937,14,45,-1.680905616522282
71995.34605489347,649.1022711239756,22622.157975071063,7,49,-1.5237438948390025
46604.9772006977,590.3237665675086,36864.790813599444,18,37,-0.947483797613616
60965.66391393056,663.872337176875,20783.89746347693,5,43,-1.518982602703548
47538.56985899873,681.4605644222665,5796.324186817892,3,27,-1.6432032201267361
43051.414973607956,729.9504836367156,37097.49614200601,2,47,-1.189486359321984
69231.73363950524,740.2247882597198,27965.77516241342,6,32,-1.6102993726193302
68535.79712932816,636.1400078162385,21378.574238056048,16,43,-1.4615363728745454
30870.298788073203,631.9870732130852,31064.39965894217,5,39,-0.8707249304585143
43170.0113761744,660.3119247111098,17964.108826091047,19,52,-1.2939898806767074
64379.76495024922,607.3148544024085,15961.982114118387,10,22,-1.5138315996886451
76053.48066889402,673.4183951358273,32966.209088868905,10,29,-1.4371455194495917
50010.595174172544,707.6718294443408,21221.13490037634,10,38,-1.5323861546305395
57242.848194313694,682.5755334771134,29595.87329989684,10,34,-1.2887619954188325
38799.80066815475,583.1998480242779,25444.953369887844,16,30,-1.056360174335078
97662.1707465564,608.4756554064219,32015.78190853503,3,38,-1.6064237278951636
67126.81770207013,757.1521671378085,26215.53865420114,19,51,-1.5990732962477294
73419.19661179953,619.1991790720282,8954.265949643837,18,22,-1.8763209474248492
69870.3130655504,724.3086204436373,30795.619677673287,17,61,-1.6085964912257167
73998.65486037357,717.9181378135911,21549.7885747695,8,35,-1.8061819401287016
69121.2435421473,660.6770170467879,32407.016801548933,16,42,-1.3960461319210549
54972.18687155864,620.1821179397741,26247.082886363492,18,33,-1.3432180788797365
71160.1985329218,692.6254754961358,36734.623969227345,1,33,-1.353774863392034
61187.09902907072,626.8326889179796,22827.713009710606,6,62,-1.4025166275051049
79448.64092086814,669.4524882481525,8885.520419741177,16,30,-1.9355449540625673
48966.782368461834,686.3623072011625,22776.774224517387,17,25,-1.4728285912971604
51881.09141483698,636.9875314949896,29455.90346312603,13,49,-1.26780873034973
69917.31321600862,666.3864086991861,22601.746751651346,11,24,-1.5908513460009737
79194.68151514838,661.495084978189,21595.224127996196,1,52,-1.6863822986367953
62177.4199691739,605.8704759190623,37129.168385075405,9,50,-1.0317036626340963
49312.08379093546,668.5651847851769,24119.833960030654,2,63,-1.3242378280760656
58215.66191833221,641.7651876541893,33761.625245879,15,62,-1.2872381508914643
52526.63881404652,570.5493126078022,26520.86230829371,0,40,-1.200116130758206
88452.56370101719,659.7358175705907,13761.648308901582,3,57,-1.964592740293015
73480.63724466071,663.0230993532809,17803.361170762066,8,39,-1.7253822317579934
78966.64500907916,643.7063144181998,22818.62480764882,11,31,-1.6774503426241645
64523.1711460105,556.298975839534,27788.911163253717,17,24,-1.1374297847519261
51673.15456117052,726.5644538327804,18838.152214722446,0,53,-1.636216467342481
77598.95466812649,721.0141099996754,14012.090044647695,6,61,-1.9543152094115197
84809.24300399699,719.0299614387566,17203.451362282925,3,58,-1.9177426242139568
68729.38945229446,699.4901582892435,21143.843799931547,6,56,-1.6818709589991927
59636.21521732591,604.5889636533631,18242.059974666914,14,62,-1.4536327012927928
76214.60670292322,687.3733869476598,20650.22370474313,18,56,-1.711295851449182
54433.277231964224,624.3430391906895,40216.64783475797,17,30,-0.9314690872839636
71468.10880814075,811.2510455564112,27553.355155625894,3,50,-1.800470964353461
49326.23675544197,648.763135745316,18772.307567495587,2,26,-1.4354499407677952
45444.51166551982,720.0550448593148,25227.985619129133,10,21,-1.443132790415159
68496.67319862562,586.8505247374706,37933.143774374614,3,62,-1.0785422335261046
65068.95312636051,609.2224498870335,30487.113508576207,12,26,-1.2457181773211277
88564.59561512958,647.8111215565974,24492.644748150404,3,56,-1.6354860937874063
55798.39403278116,722.1512618636466,14456.546200366187,10,30,-1.736882748768508
60351.71332203846,712.8586162588658,11704.527826139927,12,60,-1.7361167496399794
42900.910270370296,697.2896259333866,22566.2612128648,7,59,-1.3203955271479106
31960.79641496232,568.7603080812956,24443.379440397744,13,60,-0.9744003783847923
33287.77423298509,747.8835137573208,12296.287445048763,13,62,-1.6099107197220508
66946.61826298769,624.4289380327259,14587.522789802728,15,36,-1.633552544143448
42350.41365170267,776.9242179611853,24952.87298826114,15,31,-1.545977764723214
76901.8044441242,791.9704449727341,7542.382363440032,16,27,-2.122703598588749
81334.0018862797,729.5707738870265,11488.91950377115,4,45,-2.0771483082991407
55718.94744442785,739.3052348821567,24864.879389391062,13,37,-1.5250669495145113
84876.37174908594,604.3221917547896,29768.573037292652,16,36,-1.4405985066580564
63407.9951490527,834.8614561869738,27831.775491295673,10,48,-1.7096846917605688
76874.31873409516,693.0711843639898,33268.70422446608,8,60,-1.457678178121267
56614.40488368219,739.9870279652589,37904.18029910712,12,54,-1.2721079037262015
74387.56229359668,628.5096216116742,32464.90355755815,7,63,-1.3533612076979697
45850.24225729736,676.0997553213389,23161.20664957828,15,42,-1.4072097064083184
69340.23735399755,608.7885955002173,42338.563604503935,12,57,-1.116708048413815
53111.744300678096,665.6085849369883,38773.8762878594,14,50,-1.1478018102245995
58041.60304473275,680.9281550225928,32827.06171606245,16,63,-1.3506591307394582
69475.77850995341,695.3489343911939,18816.205590913225,17,34,-1.6966148127746408
62590.67551455863,763.7508159771164,28534.829371367734,2,63,-1.5622555625242192
58884.37549218782,708.8503877551327,8572.127409075667,14,30,-1.8247433134405733
70916.68736328906,694.6238172199229,22668.990160643712,3,22,-1.6204366882101167
72048.09366813778,682.312543704023,5416.645043062472,17,29,-1.9965475909369776
39224.894203050455,800.6241242274008,21974.953924067693,16,55,-1.5970502475215809
68384.16548617346,645.2559732879834,33554.74623366349,13,62,-1.2448908194573263
70065.01583132273,751.2923559799115,25501.553118208667,2,25,-1.7386146916248602
48724.20833063408,562.3239277756821,38290.11383002519,0,59,-0.8332488541576984
65787.01219053968,627.3322936544675,25360.892995201055,2,56,-1.33222270879274
40136.49929114832,704.6300365290958,26187.394767405323,10,32,-1.3341748826895306
81589.8615394438,670.3373120006931,22960.535261801502,0,44,-1.766240909447874
56435.18589728749,860.4400994090859,29645.723207422725,11,38,-1.7332275167592197
58821.59579955245,834.7673560029845,25122.907926431202,10,29,-1.7585898468404624
77960.87941867702,588.8517194149944,35017.21035370864,14,58,-1.2925142089328259
57858.883987535875,615.7503988624717,38314.43385580289,13,25,-1.1317483246481954
68983.31673539123,671.4772657101338,28400.301554490696,1,22,-1.5197909205081435
44288.99535698756,784.415150372602,16420.399555967575,10,31,-1.761761325914619
51453.677635711654,748.2062358042119,29903.600602991202,15,48,-1.4188152731867527
39113.13925309277,699.6427170649096,36280.84811648412,15,42,-1.166441406084812
56877.230429477684,595.1384936310051,30648.46387065136,12,58,-1.1858125311493772
75465.53142201628,629.3482072442537,27783.002935723787,19,29,-1.3875355847280177
63354.12276607123,518.9826939965121,32978.91217573877,2,22,-1.0589625373497955
73264.16446633817,587.9123519402517,36002.91040545362,8,51,-1.1944131386364292
44606.88500819774,705.723442904435,4552.455885393276,4,50,-1.7573750336906704
46751.58924172328,727.527219246563,37617.568546473674,6,41,-1.1989893529496802
53016.85244003352,601.9569272679043,31656.336794044917,0,59,-1.0787318464800493
68588.59390943736,686.6976239006424,29317.131182566027,0,61,-1.4096645499813067
65346.429441948385,777.8110270857736,21015.71129229165,4,64,-1.7788454467568553
59770.66284471846,690.0499622476934,27276.502120411766,14,22,-1.520064976545456
69339.44016559471,661.8831268676029,30330.9063726646,7,31,-1.4543780535748443
57729.02353328704,716.989960126081,13584.560053403859,17,48,-1.7558830844356261
59677.13295873029,711.9461935452257,31460.972286464836,11,62,-1.4403261945065533
79572.52243935267,685.134564856861,26041.82571175017,10,52,-1.6583575359133071
51205.96952869751,648.1759241717015,37220.48994376103,17,35,-1.0194976817491725
62740.217048701976,654.8416189662698,30893.524595497733,12,61,-1.333432230482448
84179.172133587,685.7262842286359,24070.775715932534,10,59,-1.706853328658165
61528.570532538375,647.3508896841747,25916.070159883267,1,62,-1.3318130381310949
70598.30216285566,760.2972706502164,30617.525227346763,7,54,-1.6050452534604949
50899.77329671721,733.8896176788239,26661.129237632602,2,27,-1.4754745415122337
89347.8057656844,745.5728641656184,29863.735023906796,15,54,-1.7215985664631965
26255.531713459546,801.9753487230901,19776.748669881326,14,50,-1.4650409438185479
42985.169431494665,775.063096000384,15485.378062017198,19,52,-1.6142704204776286
44192.3378232885,765.4037100286614,20901.76820924954,6,43,-1.5442728171485036
84297.05299760349,702.5668344515279,14043.822190930194,5,31,-1.8651094445260967
65287.216968656096,668.721297980608,19262.420743992832,12,42,-1.7366513397343775
56065.095264667994,818.342537159733,28319.59775647981,16,52,-1.6929869096771224
40773.63120104234,639.8542953445917,12418.754168351865,2,38,-1.4763219150351343
65461.935643512465,643.1023877822886,15637.966748431676,19,52,-1.5707414547408078
61710.50668950795,628.1015061420973,31364.899908862448,19,29,-1.1629327716297795
49605.45895362443,693.1925472588047,21241.005102210012,1,44,-1.5802057332463864
37627.092699030356,705.3599260119589,25398.94468278004,14,40,-1.2838642381989849
43458.63411395156,742.0464360795162,15587.485260629655,17,32,-1.5657948198256366
63201.19186805041,666.7542402442432,17122.624887219437,14,38,-1.646233518760485
64665.161844508795,576.2008712768401,23053.183559074507,11,30,-1.3817661265480092
61097.15390719403,699.3591826064044,38537.214437969225,16,23,-1.273701384251155
57726.22335157583,738.684591774163,29031.883662565902,17,62,-1.5128007874621725
33468.94558164556,682.1522438963913,12083.130448109907,18,57,-1.4913480516119677
60731.55231173455,672.2367019896617,29065.100688311446,0,58,-1.4018259111443496
44511.97592487912,713.9966388916818,32860.0866112087,6,50,-1.194658780154017
60626.84698759867,766.2031773396704,31013.08440794629,4,34,-1.449487915756059
66975.75888812912,676.2755602752918,15686.793808444563,17,46,-1.7386415473062964
49863.36748765246,595.0307057654454,24951.63315928457,3,37,-1.2594220569368315
44653.94135097604,646.3720479577985,42470.09530559308,9,28,-0.9069316514522249
74904.16722549158,670.2828360492985,18010.011112267548,15,30,-1.6689953744763495
65276.95781136738,572.1651577327953,28151.733904211203,6,27,-1.2783519320827783
50450.61582856354,726.3751796235532,19473.859913798904,6,26,-1.6503683253070724
14995.257856846867,634.1478642202571,15311.542852522607,4,22,-1.1336472227976624
59263.11819200023,710.6635401961692,22027.848287905665,6,58,-1.6620703190164972
69437.0727868521,691.8505714691653,33726.16568154504,16,44,-1.3547247178130832
76823.35345988571,661.4927667538064,34759.68122052559,5,51,-1.359897936955019
49832.10967771275,777.8311013769943,18433.170696604382,14,56,-1.6425713507090554
50354.53848943788,646.4481744861088,21698.36052368859,19,63,-1.4267519270273648
53356.39910001302,639.7728806808167,18373.775071166263,7,40,-1.4501415792130772
72568.82749742002,697.6885503881837,8865.533547418438,4,22,-1.9553408970176167
42379.22960439881,730.4676396091631,30336.86404116848,19,37,-1.2242681647501878
58306.84651276855,679.9747072943564,37953.785814475545,4,44,-1.2246002615280953
46113.83188099059,621.1508560501686,37496.85209027145,17,24,-0.9270475004800769
64028.22735173296,721.5621775892275,21766.74289298209,5,43,-1.61629960842123
36679.72966379528,716.3051123394473,36122.830939047366,1,57,-1.040204549747932
65642.402976042,804.5619271180773,34237.76469734974,6,60,-1.5944677308704798
52550.296302397306,666.8244293084977,22810.597959916773,2,49,-1.3578806358892304
56639.42541295564,692.8649448010806,25474.288873021287,19,23,-1.4787091786239646
67886.31325670858,646.0333554204483,22570.657761671144,4,40,-1.5531891747600604
77157.20216318543,590.7745842593897,27438.773193291872,3,63,-1.4153038389933528
34545.194984645714,684.5498794829313,40047.47813708549,6,43,-0.9242042596389759
75053.32606769318,731.0776897360504,18131.641434032103,14,63,-1.8488636693375082
68372.34004433722,619.2459385759087,15988.23546309395,4,52,-1.5948356045426881
55579.621555707665,639.5424551260812,32530.780440863804,9,33,-1.1664674296490978
81059.99269312623,609.5074546550876,26026.15147166874,10,45,-1.5498599273269544
62829.75338963767,760.4882830554867,10427.100628065567,12,40,-1.8763046986123908
79401.55206128191,642.0461524931574,17461.66038223614,17,60,-1.7155744649406799
51108.15565805629,714.8149801987583,18947.857493724696,2,57,-1.5021607139508601
46999.20353016532,628.1357751051446,20699.39649150335,17,39,-1.4117439773697755
78369.85669649713,684.5351494267843,28150.397985094838,0,29,-1.5890385630086592
92464.0809501714,642.485075911939,33537.47703367143,18,24,-1.614344011402771
69506.77890516313,539.1514354621623,24291.826209794184,3,23,-1.2102146574778285
73367.77142221143,684.6732073434725,26779.764257087085,19,22,-1.6023202944663617
52891.52532261126,711.6674982784181,19635.805999853692,18,47,-1.5784405235704038
40122.48588377675,554.9728363600387,33763.21575603165,11,60,-0.7646609363359725
56610.464150099375,669.5328895065924,36348.61750218527,16,55,-1.328514366380984
82504.78191249311,654.0494212205349,23493.95895431784,15,44,-1.5657022513197774
32093.11714924903,615.3062182344145,19680.587495293767,16,55,-1.1367523657257819
52570.091540351445,664.9217365164973,42186.25058601282,11,57,-1.0244835824913576
31281.89634018583,563.6203842811667,33035.14858171571,0,30,-0.7260154486002389
61624.038162686884,695.0367984499374,18475.608268536933,11,25,-1.5963217221189216
73113.66711346919,751.1619377711799,12086.288785358145,7,54,-2.015278547609721
41359.01936915098,604.2998948384673,23271.75044683635,16,27,-1.0948548954211645
53859.12559920791,676.0748872290759,35217.38184349797,4,29,-1.191036286167085
79886.20381651384,765.5200356577468,21275.004198119314,6,36,-1.9360016622032306
58672.999978323074,687.3438234314355,23669.42703970349,15,37,-1.4523221419222563
41411.29445293681,648.8853020158977,21696.238730390665,4,42,-1.2210878631575703
40256.090338730755,625.3655961195701,30849.787864233276,14,33,-1.0917453635452405
29780.28750592,690.6720385030715,36806.43326896714,8,55,-0.9682537981791778
71599.42012686685,672.0405837199054,15572.365364430372,16,26,-1.794654137981943
48808.17117411083,717.8944155724994,23342.465970304092,15,45,-1.4963198114084437
75760.20862017639,588.7826873978286,24053.547984647925,12,35,-1.3805125941865337
73005.43403340055,744.622769240526,20671.838436672464,15,64,-1.8296412157159352
50099.55372065724,655.7850670873684,16087.103871915037,0,49,-1.5093958677845405
52080.69244733818,718.5554458156158,32229.736285235645,13,53,-1.3030548925484327
71679.51314368237,636.6531054955663,26910.70992525793,14,51,-1.511942346684867
62241.41544447988,602.1213750640278,31428.311603253234,2,48,-1.1548265387447099
64017.44218268732,645.9789708196237,37795.35305191446,7,58,-1.1169811716125655
35293.644832491205,622.7378149414193,22751.442420674786,9,42,-1.120077786243533
73465.68142881343,657.5196454947462,30009.427765180684,3,61,-1.4696996804826628
46870.11395452891,718.8732737002633,22452.783194906915,3,64,-1.5235595187953026
25957.434578270404,744.7264816384159,24972.582773588645,11,62,-1.2945063553695328
50746.12120188061,692.2155648190794,28349.119573314034,18,45,-1.3103132696440647
66329.94361254241,647.5691382342619,24381.56843377449,4,55,-1.514429619438687
91456.89013014603,652.9205350337164,13601.22526211529,2,41,-1.8812330395236745
54407.60363606612,715.5337976918738,37760.752875933154,19,41,-1.2396856728294798
40053.27588011886,748.1751741262998,26902.851117928898,0,60,-1.1836673163061904
91852.10413176249,660.6157103630804,16527.801476428434,3,37,-1.9015613612537288
62403.56922087949,672.4689637824061,8019.34742998215,18,37,-1.8248288225981821
56082.410497824785,634.9031282136452,25506.601377755793,3,47,-1.4020267216236704
43860.19590946333,692.4095056585772,30933.346491178338,0,44,-1.1566237780621964
44940.33011911952,737.4110121269292,33787.55791288975,18,33,-1.201676653518274
82180.09013673943,505.6561407317722,34654.19027723465,2,61,-1.1842494457527497
55939.637996820195,695.3283596791433,22656.48945319915,7,23,-1.5607022636581813
51932.867973594686,646.9582114789808,30872.05090247125,0,21,-1.235103648786641
52351.30826407763,540.3269722262459,13357.792294877614,6,25,-1.3571469182024105
83517.9871964254,698.8195434228481,26917.741623874794,7,55,-1.6442266359045818
51158.79482455137,674.6293873910646,33045.30394764324,16,32,-1.1534132630892657
69422.39397353107,702.1606835063202,20820.653605229054,18,45,-1.6626054241493848
63992.12849648619,598.0384890419485,24420.880576639513,0,38,-1.457426677738784
63588.98800080738,808.2285391109895,26560.674990607487,18,62,-1.6898253371808973
46841.23084424624,686.6398500116347,26817.289880089975,11,61,-1.3494862735253412
69878.31356960825,659.4145297192975,37641.67389800205,13,38,-1.3296972195403645
84129.48023115651,771.4506926815925,17061.762470648937,5,29,-2.0018046645204923
59217.24561992616,719.1369137629355,36442.1580999629,13,55,-1.2115322500278023
46203.81353385157,729.9725709590421,15715.15632121498,18,50,-1.6356378019864244
40629.3947263478,749.793350156874,20366.045729052024,0,25,-1.546983325340561
62860.76265093897,555.7040041343408,19496.845063990004,13,38,-1.3464978419967297
55920.239244821474,780.1598467729037,25017.99025541697,16,56,-1.5447723112605192
58434.389280899064,659.1613026889125,21746.0412116302,17,48,-1.4839271401058665
60177.42779373467,697.1292272654853,29580.235157975367,3,60,-1.3496523906173077
37865.81014018506,735.3691579708027,25809.066227758976,0,42,-1.24447898546893
71722.27835599365,637.26172636485,43348.150079056024,2,33,-1.1739426724844169
63514.77082845148,699.0743699155055,28807.354292911048,9,32,-1.4100359762701893
58880.758140966835,725.7721125954258,23691.089021938486,3,37,-1.4895176031309427
63477.857957546796,677.4893103075622,28712.540528693975,6,51,-1.3686458797907037
73892.14331855666,709.678440585175,30504.4625505141,2,48,-1.5874186635575869
60801.369628490946,583.6443755361058,24191.136493947266,17,36,-1.276749253744917
47246.49079065177,608.4739073085134,16799.402883250103,5,27,-1.3370800197107797
77493.49718979254,610.9888307651565,19264.57583346388,6,32,-1.5390112670395137
53500.14230936671,702.2659032915107,27141.50277383984,1,37,-1.3534857798123643
49117.94973619545,904.573469173246,32394.99465297632,9,26,-1.5656991302876995
36570.06232072508,695.7697010822424,29575.90571436089,13,23,-1.1252912335043035
60118.72506522869,671.1277911388343,25023.902109715717,15,49,-1.465044862540735
44285.344597112795,676.1301097903797,30236.904992575706,12,21,-1.2464706297906845
52213.00496829386,738.9970875763682,21776.406653671198,19,39,-1.5559814408805404
66739.31162733247,722.8341902280206,27798.54252656703,4,47,-1.583805313655892
60499.04821179913,611.1937521807056,37099.709815107795,19,49,-1.003627083617357
75244.30841527041,741.0213731152903,34659.01335896055,14,61,-1.529858644365207
64577.05943653894,678.5641176297244,36572.49298560721,16,61,-1.3093440844369713
53941.56827189838,729.1410662544714,22749.49336398415,15,29,-1.5010839211534468
55054.45882962032,560.0601494234727,27346.868566923633,17,59,-1.1305091999614445
52389.390467416124,586.716842778558,17629.437803821667,12,32,-1.355091642648656
69695.56925496816,715.810574350769,33064.15327164326,3,53,-1.4689057589077752
60321.995861042975,571.9586524143951,22304.292527625134,5,38,-1.2898464242215746
53836.19366562417,703.3860189444962,15143.328321078687,7,47,-1.628526985624451
72673.846715076,700.28872233461,21714.37290554383,16,36,-1.789752111319718
